id,progress,difficulty,major,length,complete,nselects,ndeletes,nclears,nedits,nsubmits,nidles,restart
opmyjetg8ppqdzius16goh,1,2,English,998.6250872612,1,27,3,1,3,2,0,0
opmyjetg8ppqdzius16goh,2,4,Psychology,428.7894506454468,1,24,0,0,10,1,0,0
o0pp12t3bsliad8uiebaba,1,3,Economics,540.1774549484253,1,27,4,0,3,1,0,0
o0pp12t3bsliad8uiebaba,2,4,Psychology,1337.6096322536469,0,79,9,2,8,8,0,0
8vymdzw9oyqahxn0uz9jgm,1,3,Psychology,1523.669754743576,1,25,1,0,23,4,0,0
8vymdzw9oyqahxn0uz9jgm,2,1,Biology,653.8310277462006,1,24,0,0,16,1,0,0
2bucvriftjl3jo6pwfkj1h,1,2,English,154.4965353012085,0,3,1,1,0,0,0,0
hj3xj0ipny8lgpyud4bov,1,1,Psychology,18.69605779647827,0,0,0,0,0,1,0,0
t5q7ba1njerg8lmh7rlu,1,3,English,702.5808463096619,1,28,4,0,13,1,0,0
t5q7ba1njerg8lmh7rlu,2,2,Biology,963.6042740345001,1,40,16,0,15,4,1,0
96nwd2k19b5rdta0xtxjyj,1,2,English,120.08382511138916,0,0,0,0,0,0,1,0
aoj2v5o0ptaivjvs6tupki,1,2,Biology,369.4156377315521,1,25,1,0,6,2,1,0
aoj2v5o0ptaivjvs6tupki,2,4,Psychology,237.1297254562378,1,25,1,0,0,1,0,0
6v0w224dgi9uyorra3r54s,1,4,English,907.2298147678375,1,48,0,1,0,5,0,0
6v0w224dgi9uyorra3r54s,2,2,Biology,378.6391158103943,1,26,2,0,0,1,0,0
0omk9qogep25jbl3hsgwb9,1,2,English,1636.9641907215118,0,59,11,1,36,19,2,0
y3ovgf9g92kj2jepjqe3a,1,1,English,3571.220922470093,0,3,1,0,0,0,4,0
ocgvf73ps5n9w2x5jwou5h,1,2,Psychology,653.9875333309174,1,27,3,0,4,2,1,0
ocgvf73ps5n9w2x5jwou5h,2,4,Biology,822.7997646331787,1,27,3,0,4,1,6,0
vpgrb1fo08jlezhj6v35s,1,2,Biology,90.70281457901001,0,4,0,0,0,0,1,0
vrmr028p95r6ocxs8gxyo,1,1,Biology,10.618260145187378,0,0,0,2,0,0,0,0
xfw86idkrpqgr0dwjnh4b,1,1,Biology,482.36751222610474,1,27,3,0,2,2,0,0
xfw86idkrpqgr0dwjnh4b,2,3,Psychology,465.87811279296875,1,33,9,0,5,1,0,0
h47jap5fg4bd26cryyokz,1,2,Economics,51.45424246788025,0,0,0,1,0,2,0,0
hoi9e4eqj2m4v29jr3dp,1,2,Biology,493.32454323768616,1,25,1,0,1,2,0,0
hoi9e4eqj2m4v29jr3dp,2,4,English,488.94163250923157,1,38,14,0,2,1,0,0
e9y2ez3vun9lcpsicgo46f,1,2,Psychology,0.0,0,0,0,0,0,0,0,0
u2uxnta3hk9hcxo0o4guge,1,4,English,208.3665554523468,0,9,0,0,0,0,1,0
4tz8s89hvwbex8kmcxdiuu,1,1,Economics,245.0808117389679,1,24,1,0,0,1,0,0
4tz8s89hvwbex8kmcxdiuu,2,2,English,542.0318386554718,1,51,3,1,1,4,0,0
bm5v8def5ow9wd2j7p0p5,1,3,English,503.11294865608215,0,21,1,2,17,1,0,0
oh0q4horl6xu72djn3ae,1,1,English,546.7665214538574,1,30,6,0,2,5,0,0
oh0q4horl6xu72djn3ae,2,3,Economics,261.26664876937866,1,26,2,0,3,1,0,0
hetcgfgajj79jzn4l8d59,1,2,English,938.9362726211548,0,26,9,1,21,1,0,0
5e53rhsqci3g0ob2910v5i,1,1,Biology,460.70244455337524,1,26,3,0,0,9,0,0
5e53rhsqci3g0ob2910v5i,2,4,Psychology,320.57575726509094,1,24,0,0,1,1,0,0
67ego9yjyujvqnqrnmhunr,1,3,English,531.0503420829773,1,23,1,0,4,1,0,0
67ego9yjyujvqnqrnmhunr,2,2,Biology,1065.6279437541962,1,44,20,0,1,9,0,0
rqyzm6jr3ik1k1kqy8foyw,1,1,English,1411.140118598938,1,27,3,0,4,5,0,0
rqyzm6jr3ik1k1kqy8foyw,2,2,Biology,422.6904752254486,1,25,1,0,6,1,0,0
hsrbebkhvgc2ton3jvhem6,1,2,Psychology,32.71930766105652,0,1,0,1,0,0,0,0
m4y7fm3kqdn6292q5pgvjl,1,1,Economics,439.06706142425537,1,49,1,1,4,3,0,0
m4y7fm3kqdn6292q5pgvjl,2,2,Biology,134.93455934524536,1,24,0,0,0,1,0,0
hqunj5xzrkchu2q5z7sv85,1,4,English,512.2663424015045,0,27,3,0,2,1,0,0
jj6er7ucmwa1fgnkdq2sar,1,4,Biology,2098.2223937511444,1,86,16,2,9,8,1,0
jj6er7ucmwa1fgnkdq2sar,2,2,Economics,753.217408657074,1,25,1,0,4,5,1,0
m050rp5ec7nb1sfbrqa4q,1,1,Biology,317.2478520870209,1,23,0,0,2,1,0,0
m050rp5ec7nb1sfbrqa4q,2,3,Psychology,1218.1799318790436,1,30,6,0,11,5,3,0
q88yzucqcawm61sbe8xg,1,4,Psychology,623.375997543335,1,24,0,0,6,1,0,0
q88yzucqcawm61sbe8xg,2,1,English,1187.280707359314,1,53,5,1,14,7,3,0
m1o57973cgeec704uytea,1,3,Economics,351.48801851272583,1,24,0,0,18,1,0,0
m1o57973cgeec704uytea,2,2,English,1070.8337593078613,1,60,12,1,9,9,0,0
2ajeit84pbbcjn9j733xk4,1,1,Economics,432.7386574745178,1,25,1,0,2,1,0,0
2ajeit84pbbcjn9j733xk4,2,2,Psychology,681.713926076889,1,50,2,1,2,2,0,0
4p7d3t9wqm7nkgkv38chtl,1,2,Psychology,578.1629264354706,1,27,3,0,0,2,0,0
4p7d3t9wqm7nkgkv38chtl,2,3,Economics,174.69222617149353,1,24,0,0,1,1,0,0
5tuebqotbeui0cfzt00nu,1,1,Biology,8318.790734291077,1,44,1,1,0,1,2,0
5tuebqotbeui0cfzt00nu,2,3,Psychology,1937.9445197582245,1,62,2,2,2,2,10,0
qsxjnkh5rpcmcyxig02nrj,1,1,Biology,593.9362857341766,1,29,5,0,2,2,0,0
qsxjnkh5rpcmcyxig02nrj,2,4,Psychology,622.4146699905396,1,27,4,0,3,3,0,0
qjttj2q0l2gipj6uouw6j,1,4,Economics,789.754056930542,0,48,0,1,1,4,2,0
uniq3fs9x0q37s24u28qs9,1,2,Psychology,514.4120759963989,1,25,1,0,2,1,0,0
uniq3fs9x0q37s24u28qs9,2,3,Biology,464.063086271286,1,25,1,0,3,2,0,0
qgsqctf9kzqpzbp2dze51n,1,3,English,1043.4787833690643,0,58,12,1,17,4,0,1
wewef82i5x9k1qg07n6h5e,1,3,Biology,12.456007242202759,0,0,0,1,0,1,0,0
tkti2ar0qgmwquvnxyd759,1,3,Psychology,1181.6422309875488,1,91,32,29,0,16,1,0
tkti2ar0qgmwquvnxyd759,2,2,Biology,241.24418234825134,1,24,0,0,0,1,0,0
mv6fun2ps999h2ds6vmegh,1,4,Economics,598.638060092926,0,22,0,1,1,3,0,0
iz41or98yxc3tj3nchugcs,1,2,Economics,1460.5410294532776,0,4,0,0,3,0,2,0
be3blw01m2swhejlaj8xvi,1,2,Biology,1655.8910553455353,0,83,11,2,27,11,0,1
vqt4kbp9p6n429x5ileb99,1,3,Biology,4080.908880710602,0,2,0,0,0,0,3,0
iysxjkilwgiw02rw5xvin,1,1,Economics,2260.5359728336334,0,59,11,1,4,4,4,0
iojh3b0x979km886jtg8xp,1,4,Economics,327.96637296676636,1,25,1,0,2,1,0,0
iojh3b0x979km886jtg8xp,2,2,Biology,733.3108847141266,1,47,1,1,17,2,0,0
vc1hh4enck3rurmomimin,1,1,English,889.8270530700684,1,26,2,0,14,1,2,0
vc1hh4enck3rurmomimin,2,3,Economics,1054.632167816162,1,30,6,0,8,3,2,0
xm1vd1ubc5m2inuyb7tfwo,1,2,Biology,2524.6111376285553,1,78,54,0,9,6,4,0
xm1vd1ubc5m2inuyb7tfwo,2,1,Economics,469.2518048286438,1,24,0,0,5,1,1,0
rvuvufi7yqhn3eff0n0san,2,4,Biology,675.2694389820099,0,36,7,1,6,2,0,1
3aptgalz3gmppqhvmsleuf,1,4,Economics,532.2436604499817,1,27,3,0,1,1,0,0
3aptgalz3gmppqhvmsleuf,2,3,Biology,1462.3113555908203,1,77,5,2,8,6,1,0
8hzs673ntsgzg5lms6v0xk,1,2,Psychology,34835.39653778076,0,2,0,0,0,0,11,0
txypn83z87it59xbyitj,1,1,English,198.40957689285278,0,24,0,0,1,2,0,0
xdqw6330c9pnz6wcafjavb,1,2,Economics,238.9473376274109,0,2,0,3,0,0,2,0
oqw6f4t1fal5vbmrhszop,1,1,Economics,1973.9610953330994,1,55,31,0,5,2,0,0
oqw6f4t1fal5vbmrhszop,2,2,English,3008.048455953598,1,59,35,0,2,9,0,0
p0t681bd95vpgc4634xaf,2,4,Psychology,346.5976827144623,1,26,2,0,7,1,0,0
ojctoodjb2p3qnvw1030r5,1,1,Economics,721.1196479797363,1,50,2,1,2,2,0,0
ojctoodjb2p3qnvw1030r5,2,4,English,451.0727229118347,1,30,6,0,0,2,1,0
obgf3hr7r3gu7mkiklr87,1,1,Psychology,385.51803398132324,1,27,4,0,31,2,0,0
obgf3hr7r3gu7mkiklr87,2,2,Biology,444.8232047557831,1,41,17,0,0,2,0,0
4vgldr3tu0p8iepk51mzr,1,3,English,587.8112683296204,1,49,2,1,0,5,0,0
4vgldr3tu0p8iepk51mzr,2,2,Economics,218.15675449371338,1,26,2,0,0,1,0,0
zwszupnlwhxy5ry5liq5,1,3,Biology,593.4745683670044,1,26,2,0,9,2,0,0
zwszupnlwhxy5ry5liq5,2,2,English,231.27546763420105,1,26,2,0,0,1,0,0
211ut946kyo8vrs0faxdjs,1,3,Psychology,1118.9553759098053,0,49,1,1,2,7,0,0
4y1bmrqc71f35a8six1fqu,1,4,English,464.1248097419739,1,27,3,0,4,3,0,0
4y1bmrqc71f35a8six1fqu,2,1,Economics,209.3945755958557,1,24,0,0,1,1,0,0
65gkihvaku3zm4me0kfvl,1,3,English,407.5387725830078,1,24,0,0,2,2,0,0
65gkihvaku3zm4me0kfvl,2,1,Economics,209.84683418273926,1,24,0,0,0,1,0,0
j71tqhp61nk8k3re7exx6q,1,2,Biology,61.82799673080444,0,0,0,1,0,0,1,1
0vqu057haioyypjpnkjeit,1,1,English,442.2918074131012,1,25,1,0,2,3,0,0
0vqu057haioyypjpnkjeit,2,3,Biology,395.21419191360474,1,29,5,0,3,1,0,0
m56vsfjjdvhmm69478519,1,1,English,421.25101613998413,0,26,0,1,0,4,0,1
2yjyn8nxxtham7vckbeau,1,2,English,461.4762818813324,0,48,0,2,0,6,0,0
mnx50jbhyxyho35siocpk,1,2,English,1283.4594357013702,0,49,1,1,2,5,0,1
ivepclnx2uoviurgv12mw,1,3,English,1353.908258676529,1,49,2,1,4,5,1,0
ivepclnx2uoviurgv12mw,2,2,Biology,533.3133916854858,1,27,3,0,0,2,0,0
u9q79k6w3be66woqnmr516,1,3,Psychology,1566.7031633853912,1,58,10,1,4,7,2,0
u9q79k6w3be66woqnmr516,2,2,Economics,803.3457036018372,1,58,10,1,1,4,2,0
jl5g8bawbgl8tg3ufm6of,1,1,Biology,407.747704744339,1,27,3,0,2,2,0,0
jl5g8bawbgl8tg3ufm6of,2,2,Psychology,253.81067514419556,1,24,0,0,0,1,0,0
msitsbqng4ole1tjdd1c2q,1,2,Economics,240.5371515750885,1,24,0,0,0,1,0,0
msitsbqng4ole1tjdd1c2q,2,1,Biology,193.82958459854126,1,24,0,0,0,1,0,0
j3mqexho4usbry5swh8gq5,1,3,Economics,954.2176432609558,0,29,5,0,16,21,0,0
nqo8rwl4nnhb2mer5o6kv,1,4,Psychology,757.3269243240356,0,17,0,1,3,2,0,0
0zhglwk3gcar37xjkzqewx3,1,2,Biology,2352.623859167099,1,100,6,3,58,9,7,0
0zhglwk3gcar37xjkzqewx3,2,3,Economics,156.81984686851501,1,24,0,0,0,1,0,0
gg20nzorc6dilpzxox4at,1,4,Psychology,1222.4664406776428,1,35,11,0,9,4,0,0
gg20nzorc6dilpzxox4at,2,3,Biology,413.24156403541565,1,24,0,0,3,1,0,0
5d56t6vl818f07j9jh4k9n,1,2,Economics,938.2413494586945,1,33,0,1,7,1,0,0
5d56t6vl818f07j9jh4k9n,2,4,Biology,1485.05420255661,1,85,13,2,14,9,1,0
i3axnsf01xzypbh130mli,1,2,Biology,90.42136406898499,0,17,0,1,0,1,0,0
9w42xqzzoxknpov493rhp9,1,2,Biology,30725.7021484375,1,26,2,0,14,1,1,0
9w42xqzzoxknpov493rhp9,2,4,Economics,3744.242367744446,1,88,16,2,3,16,15,0
4qlvvfwulfg278i86htudw,1,4,Psychology,41.695131063461304,0,10,2,0,0,0,0,0
c7tchgr2ki4eia656hl6x,1,1,English,627.911771774292,1,26,2,0,8,1,0,0
c7tchgr2ki4eia656hl6x,2,3,Biology,851.7625246047974,1,48,2,1,7,3,0,0
2osw6xt0yea16dywitvwtm,1,2,English,586.4099478721619,1,24,0,0,6,1,0,0
2osw6xt0yea16dywitvwtm,2,4,Psychology,833.7248930931091,1,58,10,1,8,4,0,0
nmsms1chmzhnb62buh3vn,1,4,Economics,14.257678270339966,0,0,0,1,0,0,0,0
6kqja08c3te2ugki63dl2g,1,4,Biology,1339.8196926116943,1,54,7,1,3,6,2,0
6kqja08c3te2ugki63dl2g,2,2,Economics,273.56875252723694,1,25,1,0,0,1,0,0
fm38zd9p3owill09dbu1hk,1,3,English,1045.1000204086304,1,36,12,0,9,4,1,0
fm38zd9p3owill09dbu1hk,2,1,Economics,214.97349214553833,1,24,0,0,1,1,0,0
xmlbgl0dy2bg54wtvbnvdo,1,3,Biology,981.8054428100586,1,72,4,2,3,8,0,0
xmlbgl0dy2bg54wtvbnvdo,2,4,Economics,241.28982520103455,1,24,1,0,0,1,0,0
ti5cx3wey2r98b0hzjlvk8,1,3,Psychology,822.1030850410461,0,0,0,0,0,0,1,0
bfv7oqrxirhvxr7owmv1ph,1,1,Economics,889.290691614151,1,42,19,0,17,6,0,0
bfv7oqrxirhvxr7owmv1ph,2,4,English,282.5419397354126,1,25,1,0,2,2,0,0
shnzqjv5l9g8znzyh7n1sr,2,4,Biology,272.6212787628174,1,26,3,0,0,3,0,0
erkg5swqwl4lcvlvzstsla,1,1,Psychology,1016.1076681613922,1,26,2,0,11,2,0,0
erkg5swqwl4lcvlvzstsla,2,2,Economics,1454.189332485199,1,50,2,1,3,3,1,0
fixez0jtfc6p404c15krzh,1,3,Biology,15.733469486236572,0,0,0,1,0,0,0,0
38uiae1031ozq1gdppxpq,1,3,Biology,63.50309085845947,0,2,0,0,0,0,0,0
wwn52gstmkdkq7jibxpp,1,3,Economics,573.3468661308289,1,27,3,0,3,2,0,0
wwn52gstmkdkq7jibxpp,2,1,Biology,417.8144474029541,1,24,0,0,0,1,1,0
uhut8mhxc22xplk9qqzd4,1,2,Economics,310.008104801178,0,2,0,0,0,0,1,0
kn09h6kza5jzuwldn5fjj,1,3,English,737.8001320362091,1,45,1,1,5,2,0,0
kn09h6kza5jzuwldn5fjj,2,4,Psychology,362.0599880218506,1,24,0,0,0,1,0,0
qe40w1l3d83htmpvb69bd,1,3,Economics,480.5246207714081,1,26,2,0,0,1,0,0
qe40w1l3d83htmpvb69bd,2,1,English,402.873596906662,1,34,11,0,7,1,0,0
8js99re0xkpej3e4v9lsgn,1,1,Biology,360.38248205184937,1,23,0,0,0,1,0,0
8js99re0xkpej3e4v9lsgn,2,2,Economics,708.217141866684,1,52,4,1,0,5,0,0
o3l5qrm4edyp36o5bw1sj,1,1,Psychology,0.0,0,0,0,0,0,0,0,0
ysd8m0s066gd9ghdrfulu,1,4,Economics,474.70960092544556,0,12,0,0,5,0,1,0
5evd9rozoohjeiegobtv9r,1,2,Economics,364.78069162368774,0,24,0,0,5,2,0,0
4cixhsnej4shfw4jrql8,1,1,Economics,437.6072025299072,1,23,0,0,0,1,0,0
4cixhsnej4shfw4jrql8,2,4,Biology,389.9349105358124,1,24,0,0,0,1,1,0
clxtinrlj6b7q9h7y7806e,1,4,Economics,1214.2804989814758,1,38,14,0,20,4,0,0
clxtinrlj6b7q9h7y7806e,2,3,English,627.2615566253662,1,37,13,0,2,7,0,0
3er8b05xqv5qtfydmcf3xn,1,3,Biology,500.842976808548,0,26,2,0,0,1,0,0
ue4xnsi16i8fb75c8e1on5,1,2,English,318.7093994617462,1,25,1,0,1,1,0,0
ue4xnsi16i8fb75c8e1on5,2,1,Psychology,223.21430039405823,1,26,3,0,1,2,0,0
xbwi8kss9e2wjm3wa89h9,1,2,English,1790.8080942630768,1,56,8,1,143,9,0,0
xbwi8kss9e2wjm3wa89h9,2,4,Psychology,1318.1126780509949,1,53,5,1,118,7,0,0
yuy94lf416bz6mqhw0nxd,1,1,Economics,876.1351587772369,1,24,0,0,2,1,0,0
yuy94lf416bz6mqhw0nxd,2,2,English,840.1974737644196,1,25,1,0,8,2,0,0
gtln9cl3mff9cy6bl6hqof,1,1,Economics,822.8243324756622,1,51,5,1,9,3,0,0
gtln9cl3mff9cy6bl6hqof,2,2,Biology,279.61953496932983,1,24,0,0,4,1,0,0
5k0x6pcrht90zm9tjdap6nj,1,1,English,471.74049186706543,1,28,5,0,2,5,0,0
5k0x6pcrht90zm9tjdap6nj,2,4,Biology,313.60490226745605,1,27,3,0,2,3,0,0
9x8eqexx5ipg0pd84qlvp9,1,4,Economics,4632.356643915176,1,82,14,2,6,6,2,0
9x8eqexx5ipg0pd84qlvp9,2,1,Psychology,574.7815153598785,1,26,2,0,1,3,0,0
cvlm9sqvq0uk4i14t365v,1,3,Biology,60.08616304397583,0,1,1,0,0,0,0,0
efq7bp2o6mjtyod43aqgi,1,3,Biology,0.0,0,0,0,0,0,0,0,0
1om1licmhcmp647cfwwqsb,1,2,Psychology,649.0701863765717,0,29,5,0,1,2,0,0
4g1s5phxg72skcvqz5okcs,1,2,English,74.86672568321228,0,0,0,0,0,0,1,0
1d36exk9ueynox6lwik2l,1,1,Economics,746.0709006786346,1,53,30,1,22,3,0,0
1d36exk9ueynox6lwik2l,2,2,Biology,760.3641765117645,1,30,6,0,11,4,0,0
nzmhu31ibbjbpydnyesjrj,1,2,Psychology,538.8302271366119,0,27,3,0,14,1,1,1
xw5oskbykcsqv8qeuvoj9,1,2,Biology,246.1307520866394,1,24,0,0,2,1,0,0
xw5oskbykcsqv8qeuvoj9,2,1,English,215.3831033706665,1,24,0,0,8,1,0,0
anf68xg3216hnl03l1p0b,1,4,Economics,350.0924792289734,0,2,0,1,0,0,2,0
0kavqrrw9xs7bxl93akjdr,1,3,Biology,448.38043093681335,1,29,5,0,2,4,0,0
0kavqrrw9xs7bxl93akjdr,2,4,English,880.932430267334,1,39,15,0,0,8,0,0
nhy8z311fegtyofs3my4k,1,3,English,927.0858309268951,1,53,5,1,1,2,1,0
nhy8z311fegtyofs3my4k,2,1,Psychology,241.02314138412476,1,26,2,0,0,2,0,0
nys44qktz8e7d16c2f91b,1,4,Economics,1177.7809088230133,1,52,4,1,7,3,1,0
nys44qktz8e7d16c2f91b,2,1,Biology,531.4780938625336,1,25,1,0,2,1,0,0
rhicb7abh5lrot8buk6zh,1,4,Psychology,499.1073052883148,1,26,2,0,15,1,0,0
rhicb7abh5lrot8buk6zh,2,1,English,322.2634811401367,1,23,0,0,0,2,0,0
99c2pgcz42uskprxoqvacq,1,2,Economics,560.5982737541199,0,26,2,0,0,5,2,0
0aiv0v7tw41pwa8j6ypt8b,1,3,Biology,1070.3415014743805,0,33,0,1,2,1,12,0
zauo8ss6ancwqzg579rhp,1,4,English,1704.2384917736053,0,55,9,1,14,5,10,0
8kqvuza0fwmfwnqagov3me,1,3,Economics,2044.2250542640686,1,51,27,0,16,5,4,0
8kqvuza0fwmfwnqagov3me,2,2,English,555.4557497501373,1,23,0,0,2,1,1,0
r5jcchivrykyvsf1kl0h6,1,4,Economics,1438.2322092056274,1,61,13,1,8,8,2,0
r5jcchivrykyvsf1kl0h6,2,2,Biology,525.247567653656,1,28,4,0,2,4,0,0
m89rrt3h7bir2n0lk4bpgc,1,1,Economics,326.1124053001404,1,25,2,0,1,1,0,0
m89rrt3h7bir2n0lk4bpgc,2,4,English,326.15760684013367,1,27,3,0,11,1,0,0
ukhn0rk2t8affrn5gph6gl,1,4,Psychology,0.0,0,0,0,0,0,0,0,0
lurcltjcm8ld0m0p8w4vxq,1,1,English,2705.4212119579315,1,33,9,0,24,7,0,0
lurcltjcm8ld0m0p8w4vxq,2,4,Economics,1308.7279045581818,1,24,0,0,16,1,4,0
ktw54td2qzrvtyldqicc,1,4,Psychology,614.2055959701538,1,31,7,0,24,4,1,0
ktw54td2qzrvtyldqicc,2,3,English,477.17029333114624,1,29,5,0,1,7,0,0
tf9b53wq1b88h4zevade3,1,1,English,408.13453364372253,1,24,0,0,2,1,0,0
tf9b53wq1b88h4zevade3,2,3,Economics,409.72004079818726,1,24,0,0,1,1,0,0
xvebl2s6tj8q54kt9blho,1,4,Biology,1072.4368724822998,1,57,10,1,2,4,0,0
xvebl2s6tj8q54kt9blho,2,2,Psychology,341.8015146255493,1,25,1,0,1,1,0,0
rvf0kpejpewluypb7a4r,1,4,Economics,394.3398356437683,0,26,6,1,2,5,1,0
hokoasf7ubl48xme5x7ax5,1,3,Biology,14452.758106708527,1,51,3,1,9,3,68,0
hokoasf7ubl48xme5x7ax5,2,1,Psychology,436.8287980556488,1,24,1,0,6,1,0,0
sx4v78g0lqbkprmord1fb,1,2,English,596.3279325962067,1,50,2,1,4,2,0,0
sx4v78g0lqbkprmord1fb,2,4,Psychology,579.0027332305908,1,53,5,1,2,2,0,0
nvobkzw3iwmpqcnuldg1xp,1,1,Economics,390.1747610569,1,25,1,0,1,1,0,0
nvobkzw3iwmpqcnuldg1xp,2,3,Biology,1272.1967239379883,1,72,26,1,9,14,0,0
bogan0dnrpv4fgfyjd4q,1,3,English,260.2488753795624,0,25,1,0,1,2,1,0
ie4hrqllugrhkdwothqhc,1,3,Psychology,413.1620874404907,1,29,5,0,4,1,0,0
ie4hrqllugrhkdwothqhc,2,4,Economics,865.6414413452148,1,46,22,0,4,20,0,0
0yj6katjinohrglgtxyfgkl,1,3,Psychology,606.1991097927094,1,24,0,0,6,1,0,0
0yj6katjinohrglgtxyfgkl,2,1,Economics,296.85485219955444,1,23,0,0,1,1,0,0
ksznhz68hbxf7rg71rt9q,1,4,English,740.7690672874451,1,32,8,0,1,1,0,0
ksznhz68hbxf7rg71rt9q,2,3,Psychology,259.80418968200684,1,24,0,0,0,1,0,0
qntsjti0rsf68vy5nk1ghm,1,1,English,488.70666575431824,0,50,30,0,2,9,0,0
770dbfy4ttbbfcm7hro3o,1,2,Economics,655.948709487915,0,50,0,3,3,2,1,0
u91k87lnmmehx90xc8k7vj,1,4,Psychology,834.316862821579,0,23,1,0,6,6,3,0
8p94o8qug6z7hy1d7b3y,1,2,Psychology,624.319390296936,1,27,3,0,7,1,0,0
8p94o8qug6z7hy1d7b3y,2,1,Economics,491.8307304382324,1,23,0,0,13,1,0,0
xk0sqmjkzc73flw9qxi8a,1,3,Biology,500.2759835720062,0,27,3,0,0,4,5,0
kx5415fcozop9x6aw6iqq,1,4,Biology,16.381678342819214,0,0,0,0,0,0,1,0
71maspd0u5ysnyv8wion1n,1,4,Biology,1207.6920411586761,1,61,37,1,5,3,3,0
71maspd0u5ysnyv8wion1n,2,2,Psychology,778.6558887958527,0,42,18,0,6,6,0,0
81ycr7xrcfmxowe07ucx5m,1,2,Biology,1291.3312630653381,1,112,6,4,2,6,0,0
81ycr7xrcfmxowe07ucx5m,2,1,Economics,140.8182668685913,1,23,0,0,0,1,0,0
80pawm4zvk3tnqxhlcx0e,1,3,English,1272.8858709335327,1,52,13,2,5,7,3,0
80pawm4zvk3tnqxhlcx0e,2,1,Biology,244.29014444351196,1,25,1,0,6,1,0,0
g5i3swbhg1ohyubv2exffd,1,1,Economics,519.7663385868073,1,26,2,0,8,1,1,0
g5i3swbhg1ohyubv2exffd,2,4,English,830.5540494918823,1,46,3,1,7,1,2,0
j4y3v3gnkyl5li5epcisd,1,2,Biology,1065.1773934364319,0,28,4,0,20,8,0,0
ucsn2a19zykw7yt2aium9,1,1,Psychology,395.23602962493896,1,24,0,0,2,5,0,0
ucsn2a19zykw7yt2aium9,2,4,English,237.11123871803284,1,24,0,0,0,1,0,0
xn3kwl58fwao4truqe2gp,1,4,English,507.6327850818634,1,28,4,0,0,2,0,0
xn3kwl58fwao4truqe2gp,2,1,Psychology,225.4225721359253,1,25,1,0,0,1,0,0
x17audc6mrjx8bqomdlcni,1,4,Biology,0.0,0,0,0,0,0,0,0,0
1ug3osfsh4lp6g2pqzdeoj,1,4,English,938.062418460846,0,52,28,0,16,5,0,0
yiik4jcvr4lfq70qzqgr6s,1,3,Psychology,815.0818345546722,0,2,0,0,0,0,1,0
wubz0zpvyewsajt7f8bhn,1,4,English,9595.877551317215,0,2,0,0,2,0,1,0
pb68z0udwot23xw7vy9w,1,2,Psychology,23.037885427474976,0,2,0,0,0,0,0,0
ucxvdvhlkvstop12uh1tp,1,1,Psychology,0.0,0,0,0,0,0,0,0,0
l3di5wdggab0erpvnxhpuu,1,2,Psychology,240.72521829605103,0,4,1,0,1,1,0,0
uprf3mvqxtteqb2nngfl,1,1,Psychology,463.0050072669983,0,16,3,0,5,1,0,0
t2446rohztkttghzwmm6l,1,4,Economics,1428.582832813263,0,53,5,2,2,14,4,0
qdldozamd29zd0aheljpd,1,3,Biology,171.94158053398132,0,3,0,0,2,0,0,0
oe39ph0prpcwrgqh90o77l,1,3,Biology,1106.1175961494446,1,49,9,1,12,5,1,0
oe39ph0prpcwrgqh90o77l,2,2,Psychology,1589.0888228416443,1,53,5,1,6,5,10,0
5aaor8zbsufwvk9744gwb,1,4,English,275.547425031662,0,9,0,0,0,0,3,0
hhdkdmfxaphm326ggqe40r,1,2,English,509.11706280708313,1,26,2,0,0,2,0,0
hhdkdmfxaphm326ggqe40r,2,1,Economics,181.11583971977234,1,24,0,0,0,1,0,0
hse0c6nw6iesdnlps13fnc,1,4,Biology,958.4889030456543,1,36,12,0,7,2,3,0
hse0c6nw6iesdnlps13fnc,2,1,English,421.52266812324524,1,24,0,0,9,1,1,0
ju7xy1yig0laaznyeao0p6,1,2,Economics,896.1235873699188,1,26,2,0,1,2,1,0
ju7xy1yig0laaznyeao0p6,2,3,English,2494.286919116974,1,25,1,0,1,1,4,0
tno8j97l3nuk4c08vi6zq,1,2,Biology,850.3870046138763,1,44,20,0,3,3,1,0
tno8j97l3nuk4c08vi6zq,2,1,Economics,407.19112062454224,1,24,0,0,0,1,1,0
jeptlvq8zkjl12s1lug3fn,1,4,Economics,731.0773162841797,1,26,2,0,11,2,3,0
jeptlvq8zkjl12s1lug3fn,2,3,Psychology,425.7831301689148,1,24,1,0,1,4,0,0
c2nnmeprxfb5urzhklzuql,1,2,Economics,961.6943962574005,1,78,6,2,0,9,0,0
c2nnmeprxfb5urzhklzuql,2,4,English,244.10518956184387,1,24,0,0,0,1,0,0
gn9lacriwbe6romrbw1cvk,1,2,Psychology,470.82548475265503,0,0,0,0,0,0,7,0
yischp31olowj5tj7mddih,1,4,Economics,1354.6079325675964,1,45,5,1,11,2,4,0
yischp31olowj5tj7mddih,2,2,English,2791.183359861374,1,71,23,1,2,11,12,0
si7vc9untpqf7z12qu25ou,1,1,Psychology,804.6963903903961,0,27,3,0,0,7,3,0
i6jd8jrbtuhxueeg0o2f0g,1,4,English,1369.0531678199768,1,27,3,0,3,4,5,0
i6jd8jrbtuhxueeg0o2f0g,2,1,Economics,599.2575573921204,1,26,2,0,0,4,1,0
w78o5vkyv9qsow0fbiuwe,1,4,Economics,612.2043538093567,1,25,1,0,5,1,0,0
w78o5vkyv9qsow0fbiuwe,2,1,Biology,309.69685316085815,1,24,0,0,4,1,0,0
wsrdelc7jqdw89mrxc7eu,1,2,Economics,2401.1180186271667,0,105,10,3,27,12,3,0
i3ve10ypdv0i2cm8f4peqc,1,2,English,32.547868490219116,0,0,0,1,0,0,0,1
i8tafpb4p8edhu9tdaglw,1,1,Economics,285.36425518989563,1,25,1,0,7,1,0,0
i8tafpb4p8edhu9tdaglw,2,3,Biology,210.2063775062561,1,24,0,0,1,1,0,0
j4n68kogldvxqqefmz7fn,1,2,Biology,1029.9529135227203,0,51,3,3,3,12,2,0
zz1xsn72zxd2nbokncgnuj,1,1,English,483.6497757434845,1,23,0,1,5,2,0,0
zz1xsn72zxd2nbokncgnuj,2,4,Psychology,522.323897600174,1,27,3,0,6,6,0,0
gof1b8kpv3pob26hf6k56,1,4,Biology,2282.159236431122,1,117,41,3,15,15,0,0
gof1b8kpv3pob26hf6k56,2,2,Psychology,284.8884770870209,1,25,1,0,2,3,0,0
q8xlxswu8s8wgvj4dt9id,1,1,English,609.905782699585,1,26,2,0,7,1,0,0
q8xlxswu8s8wgvj4dt9id,2,2,Economics,910.0610208511353,1,51,3,1,1,3,0,0
p48pd32alvqz0rw4t8blyp,1,3,English,289.12968397140503,1,24,0,0,0,1,0,0
p48pd32alvqz0rw4t8blyp,2,4,Economics,275.6577305793762,1,28,4,0,1,1,0,0
qsnz1aupbtxnuvvday6d,1,4,Psychology,1278.0417928695679,0,41,17,1,57,5,1,0
d9gno0nq6g5zy0ie12vl1,1,1,Biology,336.9883863925934,1,24,0,0,4,2,0,0
d9gno0nq6g5zy0ie12vl1,2,2,Economics,179.77455115318298,1,25,1,0,0,1,0,0
5ap936d8sffil3wyjn726d,1,4,Economics,827.523097038269,0,34,10,0,4,3,1,0
ht7kh8563errbbeozg9mgl,1,3,Biology,0.0,0,0,0,0,0,0,0,0
p3ss020ct115ljl3ntmd2,1,4,English,435.3349599838257,0,33,5,2,1,3,0,0
bqymqq2uzefc24hayqqa4m,1,1,Psychology,430.394681930542,1,24,0,0,2,1,0,0
bqymqq2uzefc24hayqqa4m,2,4,Economics,288.44512486457825,1,24,0,0,5,1,0,0
2vea2k3o6xg63eyhr71f2u,1,1,Psychology,40.019198417663574,0,1,0,0,0,0,0,0
6w15pzx6bguk0hos9pu7g,1,1,English,0.0,0,0,0,0,0,0,0,0
j8uh2zfr7471oqn6l2ahcx,1,2,Economics,620.432904958725,1,35,2,1,9,1,0,0
j8uh2zfr7471oqn6l2ahcx,2,4,Biology,341.62030386924744,1,27,3,0,8,2,0,0
p9pj3ychfek63o5rfdirb8,1,1,Economics,528.497575044632,1,23,0,0,12,1,0,0
p9pj3ychfek63o5rfdirb8,2,3,Psychology,686.9765968322754,1,28,4,0,12,3,0,0
tfxekcxnni8izqkb9emjk,1,4,English,456.22511649131775,1,27,3,0,2,1,0,0
tfxekcxnni8izqkb9emjk,2,2,Biology,378.3197319507599,1,30,6,0,1,2,0,0
2kd2ludto5s7l7tmsl9ots,1,3,Economics,0.0,0,0,0,0,0,0,0,0
y5al65q4lzixto05d9rwf,1,2,Biology,0.0,0,0,0,0,0,0,0,0
lcx7h438wfnheyck506xcm,1,2,Economics,169.6961431503296,0,3,1,0,0,0,0,0
kjmghvjzgvmtk87iqmoem,1,1,Economics,572.854444026947,1,31,7,0,9,8,1,0
kjmghvjzgvmtk87iqmoem,2,2,Psychology,309.5139501094818,1,26,2,0,2,3,1,0
c7f26mpqw5ok6yoi8vs2is,1,2,Economics,0.0,0,0,0,0,0,0,0,0
qq7ebpcad1n5pp5ge6sihm,1,3,English,311.6294136047363,1,26,2,0,1,1,0,0
qq7ebpcad1n5pp5ge6sihm,2,4,Psychology,615.5295259952545,1,28,4,0,2,1,2,0
cund3jiy5cfkj8akd02b3c,1,1,Economics,247.23538160324097,1,24,1,0,1,1,0,0
cund3jiy5cfkj8akd02b3c,2,4,English,1869.6842045783997,1,100,40,2,28,20,2,0
khyknypmc246bllspnp9p,1,1,Economics,305.87261748313904,1,24,2,0,9,1,0,0
khyknypmc246bllspnp9p,2,2,English,204.95206880569458,1,25,1,0,3,1,0,0
4cdfcojwn78o06dq22amj,1,1,English,270.56744408607483,1,24,0,0,0,1,0,0
4cdfcojwn78o06dq22amj,2,4,Biology,455.49367570877075,1,25,1,0,0,3,0,0
tpwy3vptvlg2asxcyt5yvp,1,4,Biology,966.8155670166016,1,32,9,0,0,2,0,0
tpwy3vptvlg2asxcyt5yvp,2,1,Economics,393.9461176395416,1,24,1,0,0,1,0,0
duwll2ky8hkyynw3vla00q,1,2,Economics,912.0297808647156,0,25,1,0,1,3,2,0
k2ibwdv4kdeqybzy8ok6b,1,1,Economics,869.1163654327393,0,48,0,1,13,11,0,0
tzvf17r4cqpluty5yns63s,1,3,Psychology,972.4023909568787,1,31,7,0,2,2,0,0
tzvf17r4cqpluty5yns63s,2,4,Economics,1881.5058653354645,0,55,7,1,0,4,4,1
hi1lybcr5kwhp7q1ypblxe,1,4,Economics,650.0884077548981,1,48,1,1,0,3,0,0
hi1lybcr5kwhp7q1ypblxe,2,1,English,263.92654037475586,1,23,0,0,1,1,0,0
qnuucw18xl9yybd63ez3s,1,1,Psychology,105.95100593566895,0,4,0,0,1,0,0,0
7vqzo1dwglqnju1ixnkfh,1,2,Biology,615.2433750629425,1,28,6,0,6,1,0,0
7vqzo1dwglqnju1ixnkfh,2,4,Economics,395.146372795105,1,31,7,0,6,3,0,0
g5y698qqrxac0u1634puka,1,3,Biology,27.67594599723816,0,1,0,0,0,0,0,0
ykuqcp9cx62qc1nxhkumy,1,3,Biology,962.0320749282837,1,29,5,0,8,2,0,0
ykuqcp9cx62qc1nxhkumy,2,2,Psychology,416.7144944667816,1,27,3,0,3,2,0,0
jcno46eidyjvc7jgzji3g,2,1,Biology,251.7965362071991,1,25,1,0,0,2,1,0
3hibdgowlc8ljp3iqv1ztg,1,1,Psychology,438.78156995773315,1,25,2,0,2,2,0,0
3hibdgowlc8ljp3iqv1ztg,2,4,English,611.9509966373444,1,50,3,1,2,7,0,0
686riydu6r2ays3xtegn2p,1,4,Biology,1547.37358212471,0,67,19,1,17,15,0,0
s45lrb3na4fvw13g9kt15d,1,2,Psychology,19.30498743057251,0,2,0,0,0,0,0,0
9urbtsdyyjuea1mq6tqi88,1,2,Economics,1176.06644821167,1,50,26,0,5,5,0,0
9urbtsdyyjuea1mq6tqi88,2,1,English,267.28065490722656,1,25,1,0,4,1,0,0
24iirubqyxlx4qa9cl7b8q,1,1,Psychology,678.1805610656738,1,33,9,0,5,3,0,0
24iirubqyxlx4qa9cl7b8q,2,2,Biology,2195.3960008621216,0,34,10,0,0,5,15,0
53nki9uazsetvd7osa6sro,1,4,Psychology,400.4343822002411,1,22,0,0,8,2,0,0
53nki9uazsetvd7osa6sro,2,2,English,1038.0912322998047,1,78,6,2,3,20,0,0
jk0cfxxj69lz5m00754z6e,1,3,Biology,940.105003118515,1,29,5,0,4,8,0,0
jk0cfxxj69lz5m00754z6e,2,4,Psychology,1274.2194423675537,1,40,16,0,3,3,7,0
zrjdsj5h22qz47pes2tq,1,3,Economics,744.9776859283447,1,32,8,0,0,3,1,0
zrjdsj5h22qz47pes2tq,2,2,Biology,390.4696524143219,1,27,3,0,0,2,1,0
dvwrit7pl9ac593t8m1uw,1,2,Biology,833.020970582962,1,38,14,0,2,5,3,0
dvwrit7pl9ac593t8m1uw,2,1,Economics,284.42357301712036,1,25,1,0,1,6,0,0
9bpmzir4mjd5tsgu6ehca,1,1,Economics,0.0,0,0,0,0,0,0,0,0
1523mnwaqf932fpvvca7wf,1,3,Economics,59.719454288482666,0,0,0,0,0,1,0,0
kf1xfzvaste5y9waa213yp,1,1,Economics,35.09086990356445,0,0,0,0,0,1,1,0
7t3hs2d050e3ncpgx2mvmu,1,3,Biology,349.1382632255554,0,24,0,0,1,2,0,1
c180j7hml2icko6dtix7u8,1,2,Economics,0.0,0,0,0,0,0,0,0,0
1jku1c81edlq2j4a8ixnds,1,3,English,79.90167832374573,0,7,1,0,1,2,0,0
o1448hbrfko0tl6tc8jh5gg,1,2,Biology,875.7539138793945,1,30,6,0,32,2,0,0
o1448hbrfko0tl6tc8jh5gg,2,4,Economics,594.7968051433563,1,27,3,0,34,3,0,0
i76mbkpmxjiuiyg2sey3,1,4,Economics,346.9530885219574,1,24,0,0,5,1,0,0
i76mbkpmxjiuiyg2sey3,2,1,English,273.7167866230011,1,23,0,0,2,2,0,0
v0hr3um1dmcashdoqab6ms,1,2,Biology,1373.8465478420258,0,30,7,0,5,3,7,0
k1xs4uedh6jfamja786cfi,1,1,Biology,679.0796346664429,1,29,6,0,0,1,1,0
k1xs4uedh6jfamja786cfi,2,2,Psychology,497.22898268699646,1,24,0,0,0,2,0,0
l7hqvuixtkvrvwtn55d0s,1,2,Psychology,379.97969245910645,1,24,0,0,0,1,0,0
l7hqvuixtkvrvwtn55d0s,2,3,English,344.4333219528198,1,25,1,0,0,2,0,0
3yhkecxymjwuywjez326hn,1,3,English,224.17735743522644,0,5,1,0,1,0,0,0
hthh5skqmuaaumkjx8f01t,1,1,English,710.2495522499084,1,23,0,0,0,2,0,0
hthh5skqmuaaumkjx8f01t,2,3,Psychology,0.0,0,0,0,0,0,0,0,0
y5ga536cc4naoljgqcpcdw,1,1,Biology,682.6628949642181,1,23,0,0,14,2,2,0
y5ga536cc4naoljgqcpcdw,2,4,Psychology,394.70518946647644,1,24,0,0,3,1,1,0
t85s8c5tmoo4w1w77mhq4o,1,2,Biology,514.5744369029999,0,40,16,0,0,3,0,0
c9x40bgv3gtsvc0u10txqd,1,4,Psychology,478.74726581573486,1,29,5,0,1,4,0,0
c9x40bgv3gtsvc0u10txqd,2,1,English,242.7610137462616,1,26,2,0,1,1,0,0
jofg57jrxkxwml3csifoh,1,4,Economics,251.47874784469604,0,3,0,0,1,0,2,0
s2mwc7ehh2t43w0du2fd,1,4,English,906.6844210624695,1,32,8,0,11,1,1,0
s2mwc7ehh2t43w0du2fd,2,3,Psychology,922.8795714378357,1,29,5,0,4,4,2,0
r51sqcchylf5a495jbshaf,1,2,Psychology,6454.574269294739,0,1,1,0,0,0,1,0
5p4ob2e8awpm5mrwnqr22m,1,3,Biology,69.43791246414185,0,4,0,0,0,0,0,0
cko6h0sxu2is3fm31jo7yk,1,1,Biology,614.6939237117767,1,24,0,0,3,1,0,0
cko6h0sxu2is3fm31jo7yk,2,2,Psychology,269.4581837654114,1,24,0,0,0,1,1,0
c66stll1xqauiq21ayx16l,1,2,Psychology,1768.947344303131,1,31,7,0,22,5,8,0
c66stll1xqauiq21ayx16l,2,3,English,1237.8866143226624,1,29,5,0,12,5,4,0
wfunsibkcr8k41tdoq94tm,1,3,Biology,0.0,0,0,0,0,0,0,0,0
130asppsta33cl5rm08xp9,1,2,English,0.0,0,0,0,0,0,0,0,0
zubsnzdet1k537drq5cx0s,1,4,Biology,401.7036819458008,1,27,3,0,5,2,0,0
zubsnzdet1k537drq5cx0s,2,2,English,834.8014760017395,1,60,12,1,1,8,0,0
fsv3ba9ffl4q125irluw9p,1,3,Psychology,326.50438141822815,0,13,6,0,1,0,0,0
ta4ncnls6am07419lj96m86,1,2,English,576.6847903728485,1,26,2,0,2,1,0,0
ta4ncnls6am07419lj96m86,2,4,Economics,1015.9413893222809,1,40,16,0,0,6,2,0
2m5k54fgmrva9e5hsve4y8,1,1,Psychology,24.995619297027588,0,0,0,1,0,0,0,1
ejgf9rlf4euiat4q9dukn,1,3,Economics,8.781780242919922,0,0,0,0,0,0,0,1
btns4cm6j9kiiorvehz3up,1,4,English,329.85666584968567,0,25,1,0,5,5,0,0
r3a2oc95aswpyzchbzcho,1,3,English,464.09942984580994,1,26,2,0,10,1,0,0
r3a2oc95aswpyzchbzcho,2,1,Biology,584.6562309265137,1,31,7,0,19,1,0,0
hua462f13uq1ziovb32fgl,1,1,Biology,406.31321358680725,0,22,0,0,0,1,1,0
jmfgsolr90dpvrxr474zt,1,2,English,491.86880803108215,1,34,10,0,3,3,0,0
jmfgsolr90dpvrxr474zt,2,4,Biology,535.9659109115601,1,29,5,0,3,2,0,0
scbsjf1tb2bnqi69pexx5r,1,2,English,537.7827565670013,1,24,0,0,0,2,0,0
scbsjf1tb2bnqi69pexx5r,2,3,Psychology,254.68186616897583,1,24,0,0,0,1,0,0
ppag6kny9nbxhus590vw0m,1,1,Biology,964.8798065185547,1,33,9,0,10,10,0,0
ppag6kny9nbxhus590vw0m,2,3,Economics,448.2002377510071,1,26,2,0,1,3,1,0
34re3pmpc1o0ugsaco98ffl,1,2,Psychology,0.0,0,0,0,0,0,0,0,0
vt6c5q3p3ajfqik4ufpv,1,1,Biology,0.0,0,0,0,0,0,0,0,0
py6zafqf5cnrf5c1s263n,1,2,English,2117.419541835785,1,53,29,0,12,19,4,0
py6zafqf5cnrf5c1s263n,2,1,Psychology,261.22801542282104,1,24,1,0,0,1,0,0
ru1dmn3fjqg10x29ypspj8i,1,1,Economics,109.25600385665894,0,2,0,0,0,0,0,0
acrlkmtzdqm5274dnbrpbj,1,4,Biology,653.9233043193817,1,25,1,0,13,1,0,0
acrlkmtzdqm5274dnbrpbj,2,1,English,379.3937451839447,1,26,2,0,8,2,0,0
z5b2r4t99x2c8n3q8ybx1,1,4,English,1263.9226455688477,1,33,9,0,22,8,0,0
z5b2r4t99x2c8n3q8ybx1,2,2,Economics,388.15539383888245,1,24,0,0,9,2,0,0
epk82ogx0bmqibl8lx9fa,1,4,Economics,860.3146591186523,1,27,3,0,12,2,1,0
epk82ogx0bmqibl8lx9fa,2,2,Psychology,420.0594234466553,1,25,1,0,6,2,0,0
mf4b55lgj5nwzv39aqkq7,1,3,Biology,1650.6819105148315,0,79,7,2,10,50,0,0
y0bcwmupxd2hjxl39furc,1,2,Biology,806.8073933124542,1,48,0,1,2,5,1,0
y0bcwmupxd2hjxl39furc,2,1,Psychology,239.79966592788696,1,23,0,0,0,2,0,0
dkenybiir48jt9r86totrr,1,1,Economics,846.5499947071075,0,26,2,0,7,1,1,1
36it9v2zyws088v48v99x25,1,3,Biology,459.95771169662476,1,24,0,0,5,1,0,0
36it9v2zyws088v48v99x25,2,2,English,1194.9087450504303,1,48,0,1,13,2,4,0
kasfhqygoqg0nm70mjiwwo,1,1,Biology,960.1689386367798,1,50,3,1,3,3,0,0
kasfhqygoqg0nm70mjiwwo,2,3,Psychology,337.457870721817,1,25,1,0,0,1,0,0
7dwxen3r9anu2gsvkpr9aj,1,1,Psychology,748.1229908466339,1,34,10,0,11,5,1,0
7dwxen3r9anu2gsvkpr9aj,2,3,Biology,510.4364356994629,1,25,1,0,0,3,2,0
2ljwd0jl8ldvn5ut87ppgq,1,2,Economics,285.4116442203522,1,24,0,0,2,1,0,0
2ljwd0jl8ldvn5ut87ppgq,2,1,English,308.365549325943,1,24,0,0,0,1,0,0
ifzypfi83lgjnetlunjpla,1,3,Psychology,0.0,0,0,0,0,0,0,0,0
haasuh3no26w70e5xus7h,1,3,Biology,12902.230458974838,1,60,2,2,10,1,6,0
haasuh3no26w70e5xus7h,2,2,Psychology,752.3327922821045,1,50,2,1,5,3,0,0
20bshfctovzualtomhzlx,1,3,Economics,704.1370091438293,1,29,5,0,14,4,0,0
20bshfctovzualtomhzlx,2,2,English,356.6184923648834,1,27,3,0,9,2,0,0
4s86hbvso49u6qfg7hluek,1,2,Economics,851.9651017189026,0,4,0,0,3,0,2,0
t76gc2ee1g9xyn1bf56xg,1,1,Economics,370.4495484828949,1,24,0,0,1,2,0,0
t76gc2ee1g9xyn1bf56xg,2,3,Psychology,342.7783787250519,1,23,0,0,0,1,0,0
jgm3z1kdbhgyswk5gpx88a,1,1,English,324.03383207321167,1,23,0,0,0,1,1,0
jgm3z1kdbhgyswk5gpx88a,2,2,Biology,208.90379428863525,1,24,0,0,0,1,0,0
b5htl070gn3nxn1sz88g,1,4,Psychology,0.0,0,0,0,0,0,0,0,0
zcsdlb11s93re4mpaedia,1,2,Biology,242.14567112922668,0,4,4,0,0,0,1,0
yyiz75uhskpv7k889qwl8,1,3,Psychology,122.3657009601593,0,9,0,0,0,0,0,0
ng6mtnao3gj5d5w64yddd,1,4,English,536.2141218185425,1,29,5,0,22,1,0,0
ng6mtnao3gj5d5w64yddd,2,1,Psychology,268.48097109794617,1,27,3,0,1,2,0,0
392c6horbhxxug60azun6,1,2,Psychology,564.2918210029602,1,24,0,0,2,1,0,0
392c6horbhxxug60azun6,2,1,Biology,476.668824672699,1,24,0,0,1,1,2,0
e62ifwzqb8uuhwtjfx4n8,1,3,Psychology,1322.9588949680328,1,25,1,0,24,2,0,0
e62ifwzqb8uuhwtjfx4n8,2,2,Biology,643.3422296047211,1,25,1,0,3,1,0,0
ch9rp978v4uub9smtd6rq,1,2,Biology,1498.186756849289,1,103,12,3,10,14,3,0
ch9rp978v4uub9smtd6rq,2,4,Economics,187.3325583934784,1,25,1,0,0,1,0,0
061dt0a8h2jx6fheyd59i2u,1,1,Biology,337.9444999694824,0,42,0,1,4,2,0,0
f4ep6ec0h5efkyaki8pc9,1,4,Psychology,280.78407645225525,0,26,2,1,15,3,0,1
djjhj3z3uk4z5l67iyvnbp,1,1,English,1268.9266202449799,1,80,32,1,1,14,0,0
djjhj3z3uk4z5l67iyvnbp,2,2,Psychology,492.5313699245453,1,52,4,1,1,5,0,0
flhtcf9iju39f1xvtpkx,1,4,Psychology,0.0,0,0,0,0,0,0,0,0
6mxzvdppmjpekas65e8c9,1,4,Economics,78.85486173629761,0,2,0,0,0,0,0,0
wn5eunfrovh5wsr3ms7jch,1,3,English,1071.5302381515503,0,27,5,1,0,5,1,0
etd4khzg0rlcsqea09gbgk,1,4,English,410.78690457344055,1,25,1,0,3,3,0,0
etd4khzg0rlcsqea09gbgk,2,2,Psychology,1185.3302490711212,1,64,16,1,1,43,5,0
i2l1n2i7oc8vxlsunz0yk,1,4,English,1268.522715806961,1,41,17,0,10,2,1,0
i2l1n2i7oc8vxlsunz0yk,2,2,Economics,293.87718319892883,1,24,0,0,4,1,1,0
52jimogrb8aybmrrnvj058,1,1,English,462.51733899116516,1,25,2,0,4,1,0,0
52jimogrb8aybmrrnvj058,2,4,Psychology,336.2546808719635,1,25,1,0,4,1,0,0
l082pwb1n8hhg0efci33t6,1,1,English,601.4990327358246,1,34,10,0,2,3,0,0
l082pwb1n8hhg0efci33t6,2,2,Biology,1924.7556445598602,1,62,14,1,6,7,3,0
ew977jcmja57sck14m0odd,1,3,Economics,502.81225657463074,0,26,5,1,16,2,0,0
uzhw3c5tt0tf85qbcdgup7,1,2,English,1999.9963836669922,1,28,4,0,2,4,2,0
uzhw3c5tt0tf85qbcdgup7,2,4,Economics,510.109090089798,1,24,0,0,0,1,0,0
2rnju2x34gxw5ojo7693ne,1,2,Psychology,1118.2073533535004,0,82,10,2,16,6,0,0
t1ov36grlqbb7cldd3odb8,1,4,Psychology,2964.6622467041016,0,3,1,0,0,0,1,0
40ynyibvbvmy5wrlepnsoj,1,1,Economics,421.22310996055603,1,26,3,0,5,4,0,0
40ynyibvbvmy5wrlepnsoj,2,4,Psychology,787.6275300979614,1,63,15,1,1,7,1,0
6qxg68h8gtx5jak7gym00v,1,3,Biology,1088.035178899765,1,26,2,0,8,1,0,0
6qxg68h8gtx5jak7gym00v,2,4,Psychology,1417.5959732532501,0,32,8,0,0,10,0,0
01q1964q7g0zxqovgz7gj6,1,3,English,378.86616015434265,1,26,2,0,0,1,0,0
01q1964q7g0zxqovgz7gj6,2,1,Economics,222.38713550567627,1,23,0,0,0,1,0,0
kclq5n2axbmjk9mo0h2zg,1,1,English,0.0,0,0,0,0,0,0,0,0
hyzopty18w4d6uhv4gfa6,1,4,Psychology,4602.0254282951355,0,0,0,0,0,0,2,0
7iw9g97bq5oa2icqofb366,1,3,Psychology,0.0,0,0,0,0,0,0,0,0
gkkuk3vf6zfzfh6ua0klom,1,1,English,0.0,0,0,0,0,0,0,0,0
3fcopxlzlxss985gu1knm,1,4,Biology,1008.294242143631,1,30,6,0,1,3,0,0
3fcopxlzlxss985gu1knm,2,3,Economics,566.0639410018921,1,27,3,0,11,1,0,0
ljw9i7w03hgvi6lfatb14r,1,2,English,450.3087697029114,1,24,0,0,10,2,0,0
ljw9i7w03hgvi6lfatb14r,2,3,Biology,347.9840154647827,1,26,2,0,0,3,0,0
9fjs9qmn01wiuxevp0ch1,1,2,Psychology,946.3138284683228,1,50,3,2,19,3,3,0
9fjs9qmn01wiuxevp0ch1,2,1,Economics,301.7010328769684,1,24,0,0,5,1,0,0
8iu6bugrc0nlj5u3e5i5x,1,2,Economics,309.2129647731781,0,21,7,0,0,0,1,0
8l8o2889zo5nuiq9cdq2f,1,1,English,389.2913966178894,1,26,2,0,8,2,0,0
8l8o2889zo5nuiq9cdq2f,2,3,Economics,337.4158010482788,1,25,1,0,1,1,0,0
l8abo9bvsjm1qrn8vjt0rp,1,2,English,568.7844412326813,0,15,0,2,2,1,1,0
4qk9zkwevxbtsj73alpdnk,1,2,Biology,912.2246015071869,1,34,10,0,10,2,0,0
4qk9zkwevxbtsj73alpdnk,2,1,Economics,467.16933941841125,1,24,1,0,1,3,0,0
26qnsxhlytjojh13dvgahj,1,1,Psychology,453.63750314712524,1,24,1,0,5,1,0,0
26qnsxhlytjojh13dvgahj,2,4,Biology,353.2426426410675,1,24,0,0,2,1,0,0
qo1xcx3faer4md9bimdks,1,4,Economics,488.4829754829407,1,26,2,0,13,1,0,0
qo1xcx3faer4md9bimdks,2,1,Psychology,304.28356432914734,1,24,1,0,0,1,0,0
vhr035lec9frqnp4vrpxa,1,1,English,0.0,0,0,0,0,0,0,0,0
bmgkwzlksis4l7gc0obh7,1,4,Psychology,188.9439353942871,0,0,0,0,0,0,2,0
albec48jcwf4pow7p3dk7b,1,2,Biology,490.2653617858887,1,32,8,0,0,4,0,0
albec48jcwf4pow7p3dk7b,2,3,English,318.656991481781,1,29,5,0,0,5,0,0
53knqg2gln6n4599kmxb6,1,4,Economics,485.72917580604553,1,26,2,0,22,1,0,0
53knqg2gln6n4599kmxb6,2,1,English,310.50028109550476,1,24,1,0,20,1,0,0
rljab5xzfyq5ydiz4m8wxk,1,1,Biology,630.8476958274841,1,42,1,1,4,1,0,0
rljab5xzfyq5ydiz4m8wxk,2,2,Psychology,731.8906226158142,1,49,1,1,1,4,0,0
61xh2ft2cadhied67hn4n9,1,1,Psychology,543.4679696559906,1,23,0,0,29,1,0,0
61xh2ft2cadhied67hn4n9,2,2,Biology,284.3875243663788,1,24,0,0,8,1,0,0
ju523s55qfcimnk37krhpb,1,3,Psychology,654.2640962600708,1,50,2,1,0,4,1,0
ju523s55qfcimnk37krhpb,2,1,Economics,219.4542531967163,1,24,0,0,0,1,0,0
gi7bidrugdjloelbkpsq7f,1,4,English,694.854264497757,1,25,1,0,4,1,2,0
gi7bidrugdjloelbkpsq7f,2,2,Psychology,694.9078168869019,1,49,1,1,3,2,0,0
m0mc58vj1ig256b2cshjq,1,2,Psychology,1547.0930979251862,1,48,24,0,6,5,2,0
m0mc58vj1ig256b2cshjq,2,4,Economics,575.7549700737,1,46,22,0,0,2,0,0
pino8fdlklbbydt6a8sb89,1,2,Biology,2.0676968097686768,0,0,0,0,0,0,0,1
7rn85ka50urj990ra04e1,1,2,Psychology,634.3209366798401,1,40,1,2,3,5,0,0
7rn85ka50urj990ra04e1,2,4,Economics,304.5828101634979,1,28,4,0,1,1,0,0
vncg2ejncep4ce6pdvys2g,1,2,Biology,1014.4743621349335,1,30,6,0,1,1,3,0
vncg2ejncep4ce6pdvys2g,2,3,Economics,436.6278784275055,1,25,1,0,1,1,0,0
m4jo3q8vtloxc40evw18,1,3,Psychology,1264.7318360805511,1,53,5,1,1,5,2,0
m4jo3q8vtloxc40evw18,2,2,English,268.97299575805664,1,24,0,0,0,1,0,0
u41trl7ymcdsk5erd1hx,1,3,Psychology,835.3289077281952,1,49,1,1,22,3,0,0
u41trl7ymcdsk5erd1hx,2,2,Biology,353.394615650177,1,24,0,0,2,1,2,0
obr29kwv2rjbdfxgkaz,1,2,Economics,969.1194832324982,1,25,1,0,6,3,0,0
obr29kwv2rjbdfxgkaz,2,1,English,485.8823425769806,1,23,0,0,6,2,0,0
7cgb6bdubuopg549jh8hsl,1,4,Biology,408.7066533565521,0,25,1,0,5,1,0,0
9fvryjv9kd7s999vx0h9lr,1,4,English,461.3169093132019,1,31,7,0,4,3,0,0
9fvryjv9kd7s999vx0h9lr,2,1,Economics,602.9325523376465,1,46,23,0,2,14,0,0
6jqvlhsv2n8ln4ovfk3nmj,1,3,Economics,114.79465985298157,0,1,1,4,0,2,0,1
wc31sv8sfbee0wm335y2f,1,2,Psychology,0.0,0,0,0,0,0,0,0,0
ebd47479k5dfuhzrvq2p,1,2,Economics,2088.0705161094666,1,85,13,2,17,12,8,0
ebd47479k5dfuhzrvq2p,2,4,Biology,1069.1394991874695,1,77,5,2,0,7,3,0
58adfpepf34jgh8jnddnuc,1,2,Economics,269.99843168258667,1,24,0,0,0,1,0,0
58adfpepf34jgh8jnddnuc,2,4,Psychology,411.2476530075073,1,44,20,0,0,3,0,0
70ox5zoez9rfgrgsh2tt06,1,2,Psychology,1316.176310300827,0,55,7,1,2,5,0,0
aluq7476e8gk8n1zt19kme,1,3,Biology,14.503510236740112,0,0,0,0,0,1,0,0
8p04m7je52vk9a41bnxwig,1,2,English,548.2760066986084,0,33,9,0,0,1,0,0
q1oh54fzj3oaqyfkawozyl,1,3,Psychology,1093.8143980503082,1,54,6,1,4,4,1,0
q1oh54fzj3oaqyfkawozyl,2,4,Economics,152.02189326286316,1,24,0,0,0,1,0,0
jqoly4phct79et9wo02g4d,1,1,Psychology,0.0,0,0,0,0,0,0,0,0
vxlqkuzakxer6aslilwky,1,1,Biology,122.97520041465759,0,0,0,0,0,0,2,0
8jb860kg04d0al3kdt79hkg,1,3,Economics,800.5606751441956,1,29,5,0,20,1,0,0
8jb860kg04d0al3kdt79hkg,2,2,Psychology,297.17455768585205,1,26,2,0,0,1,0,0
xrfghe03g3c79kl67i09w7,1,3,English,0.0,0,0,0,0,0,0,0,0
s7yjsk2p5abrt7lzdpdu4d,1,3,Biology,636.5776870250702,0,41,17,0,4,4,0,0
bkm5zrz6j5m9yh97c96klv,1,4,Psychology,132.6010503768921,0,4,0,1,0,0,0,0
9r7xpo1g7bs6glh6qsvg,1,2,Psychology,795.2215914726257,1,31,7,0,8,4,0,0
9r7xpo1g7bs6glh6qsvg,2,4,Biology,606.1787836551666,1,24,0,0,16,2,0,0
3dlzw31x1cltgwvh8hvz9,1,3,English,759.017345905304,1,25,1,0,6,1,0,0
3dlzw31x1cltgwvh8hvz9,2,2,Psychology,1145.6276710033417,1,52,4,1,5,2,1,0
ewmeleu8vov8vk5zy223iw,1,4,Psychology,530.5912404060364,1,28,4,0,6,2,0,0
ewmeleu8vov8vk5zy223iw,2,3,Biology,434.02848839759827,1,24,0,0,0,2,2,0
0sgrojb2287lu9uvm28vo1s,1,3,Biology,646.0792169570923,1,28,4,0,3,4,0,0
0sgrojb2287lu9uvm28vo1s,2,2,Psychology,377.7648196220398,1,30,6,0,0,2,0,0
ycak51ozzhd001w4xaokwbww,1,2,Psychology,730.0625205039978,1,25,1,0,23,1,0,0
ycak51ozzhd001w4xaokwbww,2,1,Biology,318.2358818054199,1,23,0,0,3,1,0,0
rvyxr5virz8vgd8op4h9t,1,2,Psychology,347.7713599205017,0,21,2,0,7,0,1,0
piqardsq3tsup6oo2u8ve8,1,2,Biology,19257.86804652214,0,64,20,1,7,21,34,0
2ooaa4874ofa6q1oekjlr,1,3,Economics,1316.5696430206299,1,59,18,1,8,5,2,0
2ooaa4874ofa6q1oekjlr,2,4,Biology,309.8759186267853,1,25,1,0,2,1,0,0
1q9vghmbsae1l320l0zwzx,1,3,Psychology,339.9381628036499,1,24,0,0,0,3,1,0
1q9vghmbsae1l320l0zwzx,2,1,Biology,298.78142976760864,1,22,0,0,0,1,2,0
kqoutk14ub6h2aui2v9ex,1,1,Economics,427.67316222190857,1,25,0,1,2,1,0,0
kqoutk14ub6h2aui2v9ex,2,4,Biology,858.0831367969513,1,49,1,1,2,4,1,0
nvzffk2jwl8z05re5uab7i,1,2,English,2638.796921491623,0,33,9,0,2,5,12,0
njzcgucs8mh3nipdrtcf,1,4,Biology,3150.6090376377106,0,55,7,1,11,6,17,0
tpwv30z7got57o0zysr0d9,1,2,Economics,24.498619318008423,0,0,0,1,0,0,0,0
jvzzttgr25ex82nzpysyp,1,4,Economics,345.7612371444702,1,38,14,0,10,1,0,0
jvzzttgr25ex82nzpysyp,2,1,English,566.4274361133575,1,36,12,0,2,6,0,0
o92jz6p72k5ktxvo3p91d,1,4,Psychology,1649.2698636054993,1,43,19,0,10,3,2,0
o92jz6p72k5ktxvo3p91d,2,3,Biology,508.1832401752472,1,25,1,0,1,3,0,0
3kc4z83gsjifc8ntuz5q5h,1,3,Economics,975.4405002593994,1,25,1,0,3,2,1,0
3kc4z83gsjifc8ntuz5q5h,2,2,English,543.2860891819,1,24,0,0,1,1,0,0
ys82ms83xabnqpfxy3kgs,1,2,Psychology,377.8588721752167,1,31,7,0,2,1,0,0
ys82ms83xabnqpfxy3kgs,2,3,Economics,185.36439061164856,1,25,1,0,0,2,0,0
qf8pj4tkznlu7lmbket3up,1,4,Economics,0.0,0,0,0,0,0,0,0,0
t1jy2enupktie9u3kgch,1,3,Psychology,1355.6610932350159,1,59,11,1,0,8,0,0
t1jy2enupktie9u3kgch,2,4,Biology,259.87391233444214,1,25,1,0,0,1,0,0
mwvexz61ji1ns5hhyw2w6,1,4,Economics,1001.4109733104706,1,34,10,0,26,4,0,0
mwvexz61ji1ns5hhyw2w6,2,2,English,361.75405049324036,1,26,2,0,0,3,0,0
n6vbogudx0cldismazvqa,1,1,English,480.02545619010925,1,55,31,0,3,5,0,0
n6vbogudx0cldismazvqa,2,4,Psychology,240.16350078582764,1,31,7,0,0,2,0,0
4khq9deynw25fk68pyvui7,1,3,English,1508.2036774158478,1,71,23,1,12,15,3,0
4khq9deynw25fk68pyvui7,2,2,Biology,916.3649485111237,1,30,6,0,0,6,4,0
l3wz1qsn8l0ey0m4or45ov,1,3,Economics,520.1875019073486,1,24,0,0,1,3,0,0
l3wz1qsn8l0ey0m4or45ov,2,4,Psychology,460.9074618816376,1,22,0,0,2,1,0,0
04snsa9ftqnkpxy88uf90ed,1,4,Psychology,0.0,0,0,0,0,0,0,0,0
xbi2k7cazhhd8qb18w6xw,1,3,Biology,281.1630003452301,0,19,0,0,0,1,0,0
90de1lvxvm7575ybs50kvv,1,1,Biology,383.7159974575043,0,24,0,0,7,2,0,0
yz6e9b8hx4r0pkrwy64sz3q,1,3,English,411.31456661224365,1,25,1,0,2,1,0,0
yz6e9b8hx4r0pkrwy64sz3q,2,4,Biology,392.76105785369873,1,27,3,0,4,1,0,0
ir08bg75jfb1wnp5amrv7r,1,3,English,1314.418284893036,1,101,5,3,39,9,0,0
ir08bg75jfb1wnp5amrv7r,2,4,Biology,201.07167315483093,1,24,0,0,1,1,0,0
qpf17asg58zfdck3g4dr,1,1,Biology,696.0711557865143,1,25,1,0,0,1,4,0
qpf17asg58zfdck3g4dr,2,4,English,502.1024672985077,1,24,0,0,0,1,3,0
xav512wp4cfpeiuvh9ign,1,3,Economics,0.0,0,0,0,0,0,0,0,0
ic1ntem9odcgp00qiala7,1,4,Economics,632.5636875629425,1,51,3,1,0,4,0,0
ic1ntem9odcgp00qiala7,2,1,English,190.23283624649048,1,24,0,0,0,1,0,0
2wkzjbnpkqzujzl36xp56q,1,1,Economics,248.83589553833008,1,24,1,0,6,1,0,0
2wkzjbnpkqzujzl36xp56q,2,3,Biology,730.5377161502838,1,76,4,2,8,5,0,0
7gk1rlqpv15099p1av1zk5i,1,3,Psychology,815.2303779125214,1,26,2,0,8,2,1,0
7gk1rlqpv15099p1av1zk5i,2,2,Economics,312.4627335071564,1,24,0,0,3,1,0,0
ef5x31tl3x841l7ynb71zi,1,2,English,0.0,0,0,0,0,0,0,0,0
ezqtjg6380sq6qshzkhnr,1,1,Psychology,771.5964725017548,1,27,4,0,8,1,0,0
ezqtjg6380sq6qshzkhnr,2,2,English,1492.9764349460602,1,94,22,2,18,6,1,0
i5wtccxm36yn3fd4em0lo,1,4,Biology,78.0944459438324,0,5,0,0,0,0,1,0
y7r4usl27ijcnt4ip5oii,1,4,Psychology,340.47295236587524,1,24,0,0,1,1,0,0
y7r4usl27ijcnt4ip5oii,2,2,Biology,250.38063883781433,1,24,0,0,0,1,0,0
6w3mdon1jydemeg9h1xpo4,1,3,Biology,703.0594348907471,1,29,5,1,0,6,1,0
6w3mdon1jydemeg9h1xpo4,2,1,English,218.65656924247742,1,24,0,0,0,1,0,0
8fekss9n7rl3hr04gte7kt,1,4,Economics,1948.0385568141937,1,25,1,0,16,2,3,0
8fekss9n7rl3hr04gte7kt,2,2,Biology,950.6382076740265,1,26,2,0,4,2,0,0
rz6fsxz8ub9777fwwm4g5,1,4,Biology,406.87400364875793,1,25,1,0,5,1,0,0
rz6fsxz8ub9777fwwm4g5,2,2,English,302.2428002357483,1,24,0,0,0,1,0,0
vk0ciqvzrjkhp959tl0mmd,1,3,Psychology,365.58711981773376,1,24,0,0,8,1,0,0
vk0ciqvzrjkhp959tl0mmd,2,1,Biology,235.0892469882965,1,25,1,0,1,1,0,0
7pqs5um17ykjhc9uxe7vj,1,3,Economics,1021.1191511154175,1,29,5,0,3,2,0,0
7pqs5um17ykjhc9uxe7vj,2,1,Biology,332.7638282775879,1,24,0,0,1,1,0,0
1fddlsv6hyrbe3v3go91pd,1,3,English,1524.807629585266,1,58,16,1,0,4,1,0
1fddlsv6hyrbe3v3go91pd,2,4,Economics,395.9246664047241,1,26,2,0,0,1,0,0
vxbwz63nem9z6jsav1n4ic,1,3,English,443.37884497642517,1,25,1,0,10,1,0,0
vxbwz63nem9z6jsav1n4ic,2,1,Biology,274.7632882595062,1,26,2,0,17,1,0,0
vu4boimiad7pvvdn17gv,1,4,Biology,1866.9510159492493,1,53,6,1,13,3,4,0
vu4boimiad7pvvdn17gv,2,2,Psychology,1077.3781774044037,1,25,1,0,8,2,4,0
vju5seg6dv6bcqk3ldprc,1,1,Economics,356.8248658180237,0,7,0,0,8,0,3,1
205l2lpmcxhee85xi78s07,1,3,Psychology,759.7716546058655,1,25,1,0,6,1,0,0
205l2lpmcxhee85xi78s07,2,4,English,598.5061321258545,1,24,0,0,5,1,0,0
r0mjkd4x0ip9kv5a5e7aup,1,3,English,748.8173296451569,1,58,10,1,3,2,0,0
r0mjkd4x0ip9kv5a5e7aup,2,4,Biology,290.66493105888367,1,26,2,0,0,2,0,0
aeif2eskfv5apj1t5pcz8,1,4,Biology,854.7672262191772,1,26,3,0,41,4,0,0
aeif2eskfv5apj1t5pcz8,2,2,English,646.189263343811,1,26,2,0,19,3,0,0
sob05a8zdwzh298906j7a,1,1,Biology,2049.0370717048645,1,25,3,0,42,5,1,0
sob05a8zdwzh298906j7a,2,4,Psychology,13303.679369926453,0,108,38,3,124,29,16,0
9bh7u66npedz0st5m7lcd,1,2,Economics,747.4155204296112,1,26,2,0,3,3,0,0
9bh7u66npedz0st5m7lcd,2,4,Biology,700.7714850902557,1,30,6,0,2,7,0,0
jplsfcbc9jansov7trijc,1,1,Economics,1667.2744665145874,1,59,6,2,24,2,7,0
jplsfcbc9jansov7trijc,2,2,English,1083.9503917694092,1,53,5,1,0,5,5,0
j8irww2gy4j563cl8b0f,1,1,Psychology,73.43644285202026,0,0,0,0,0,1,0,1
6zflw6dg6rpugrlx4suf8,1,3,Economics,963.567512512207,1,41,17,1,2,12,0,0
6zflw6dg6rpugrlx4suf8,2,4,Psychology,692.6315190792084,1,58,10,1,4,10,0,0
h5kizysk9o8xo8w0ox363,1,2,Economics,1146.9624614715576,1,55,8,1,0,4,1,0
h5kizysk9o8xo8w0ox363,2,4,Biology,576.4914543628693,1,47,7,1,1,1,0,0
5qf1mcmzjfiyqw9dxpekql,1,3,Biology,975.5697276592255,1,29,5,0,7,3,0,0
5qf1mcmzjfiyqw9dxpekql,2,1,Psychology,404.1482307910919,1,23,0,0,1,1,0,0
w7s1ku130mujbt42p2zrr,1,1,Psychology,826.8699271678925,0,52,4,5,19,6,1,1
camreao4dwd2vd059h7lo6,1,4,Economics,292.97918009757996,1,25,1,0,0,1,0,0
camreao4dwd2vd059h7lo6,2,1,English,509.36134362220764,1,31,7,0,12,2,0,0
sqiynz497eq2olbw8fyjgq,1,3,English,524.7792303562164,1,26,2,0,4,3,0,0
sqiynz497eq2olbw8fyjgq,2,2,Biology,458.4366548061371,1,24,0,0,20,7,0,0
j0muqymdsvcjr8gp45mb,1,3,Biology,403.0948648452759,0,36,12,0,0,2,0,0
6xkly1u37hi9bufm20i837,1,4,Economics,2836.830753326416,1,56,8,1,3,9,4,0
6xkly1u37hi9bufm20i837,2,2,Psychology,2022.3110673427582,1,31,7,0,1,6,8,0
1qiup7cytjyagw3fq91uxl,1,1,Psychology,566.0417375564575,0,25,1,1,0,2,0,0
phisi29b7drle3tf4nte79,1,2,Economics,4212.378597974777,1,249,23,11,15,22,11,0
phisi29b7drle3tf4nte79,2,4,English,839.0570468902588,1,49,1,1,3,2,1,0
sn0kn7pvmgq9uifd3sl9k,1,4,Biology,1226.4799361228943,1,49,1,1,20,4,0,0
sn0kn7pvmgq9uifd3sl9k,2,2,Economics,309.5158202648163,1,27,3,0,4,3,0,0
bb8a7yn5e5bcwd69wpxyw,1,3,English,258.87338423728943,0,29,1,1,0,2,2,0
na4yzhck9b81lpa1rtlnw,1,3,Economics,85.64994955062866,0,1,1,1,0,1,0,0
rpg80lubihom8nw7futyc,1,4,Biology,1808.2612776756287,0,56,20,2,9,11,5,0
h9gu96k8okrsa9cit5z74,1,4,Biology,39362.29574584961,0,0,0,0,0,0,1,0
vxpzev6xmft0yyedgftfb,1,2,Psychology,1161.8883187770844,0,19,5,0,0,0,4,0
hmucomw0ktql7xkgxfa1ul,1,1,Biology,13.638677597045898,0,1,0,0,0,0,0,0
3aufmpp49mt274zreuxqr1,1,2,Economics,12488.832040548325,0,3,0,0,0,0,16,0
vfwobpxssjlvg558uukup,1,1,English,802.6282098293304,1,26,3,0,2,1,0,0
vfwobpxssjlvg558uukup,2,2,Psychology,818.3285880088806,1,30,6,0,2,3,0,0
jmx552ztc6inptfr02zd4n,1,2,Biology,24.291216373443604,0,0,0,0,0,0,1,0
dndklw6hbbcsdjur5k0va,1,4,English,22.470415592193604,0,0,0,1,0,0,0,1
e843qxyymxnh6bi60xa97r,1,1,Psychology,43.18429684638977,0,0,0,0,0,0,0,1
4qtiw4u6l3c39mpzk0pecd,1,4,English,1170.6477267742157,0,19,5,0,13,0,10,0
u3enanmao9fdi71226ud5r,1,3,Economics,151.71005821228027,0,2,1,0,0,0,0,0
c5ry6wr05zfo7owke5fjt,1,4,Biology,2553.8357996940613,0,48,24,0,6,8,9,0
021i63r62rc8dkbfay2a4x5,1,1,Biology,644.6921820640564,1,26,3,0,3,29,0,0
021i63r62rc8dkbfay2a4x5,2,3,Psychology,908.7878539562225,1,24,2,0,3,16,0,0
ec28x52bgmvqc8twp0pao,1,1,Psychology,254.0405638217926,1,25,1,0,8,1,0,0
ec28x52bgmvqc8twp0pao,2,4,Biology,572.9509444236755,1,38,14,0,6,5,0,0
y9v8wk3wb3fms3ucm966y,1,2,English,982.5220131874084,1,28,4,0,10,2,4,0
y9v8wk3wb3fms3ucm966y,2,4,Economics,1012.0704741477966,1,80,8,2,8,15,0,0
5cdvxrvrl4gr2n5il9fkus,1,2,Biology,1561.7415480613708,1,74,2,2,1,7,0,0
5cdvxrvrl4gr2n5il9fkus,2,1,Economics,457.6019937992096,1,25,1,0,0,1,0,0
hto4ypfv2ku2hrqtnjrptn,1,3,Biology,1852.7007641792297,1,42,18,0,9,8,0,0
hto4ypfv2ku2hrqtnjrptn,2,2,Economics,908.710768699646,1,30,6,0,1,9,1,0
7pkhv0goegp9n2to3ae62q,1,1,Psychology,536.5702867507935,1,24,0,0,12,1,1,0
7pkhv0goegp9n2to3ae62q,2,3,English,407.0073387622833,1,27,3,0,15,2,1,0
23buwqxsk9yy3zlz3gghs,1,2,Economics,2031.7146508693695,1,100,15,3,12,4,8,0
23buwqxsk9yy3zlz3gghs,2,4,English,1716.2894251346588,1,54,9,1,4,4,6,0
j9zs18i0v4h0eikbywcnis,1,4,Economics,177.03150081634521,0,5,0,0,0,0,0,0
4to2vzwbkhft6koijj9z7c,1,2,Economics,1217.002073764801,0,36,12,1,2,14,2,0
yalianizkafta9i4a4e8,1,3,Economics,538.0350041389465,1,31,7,0,3,12,0,0
yalianizkafta9i4a4e8,2,2,Psychology,247.73035430908203,1,24,0,0,0,1,0,0
777gnua3r2i8u92fz26n6b,1,4,English,0.0,0,0,0,0,0,0,0,0
29ep1xgnt9mxqv654b3l7,1,3,Economics,745.9567840099335,0,24,0,1,10,1,1,0
3htjtqgat7m5jixvdf5pan,1,4,Biology,857.6629524230957,1,27,3,0,10,3,0,0
3htjtqgat7m5jixvdf5pan,2,3,Economics,1394.762267112732,1,24,0,0,11,2,2,0
5fcndarve9wg7py3ez6tm8,1,4,Biology,1388.6352651119232,1,26,2,0,19,1,2,0
5fcndarve9wg7py3ez6tm8,2,2,Economics,1833.4808099269867,1,75,3,2,15,10,0,0
4ts9rn81xc3dct4qwx6zkh,1,3,Economics,689.5336430072784,1,24,0,0,7,3,0,0
4ts9rn81xc3dct4qwx6zkh,2,4,English,290.7403612136841,1,25,1,0,0,1,0,0
ogip0g62o2kmqxsu7gutzm,1,1,English,485.1056373119354,1,28,5,0,1,1,0,0
ogip0g62o2kmqxsu7gutzm,2,4,Biology,583.6546971797943,0,24,2,0,2,1,0,0
h6payemjx6niedyy1bsada,1,3,English,352.1587474346161,1,28,4,0,0,2,0,0
h6payemjx6niedyy1bsada,2,4,Psychology,1259.778687953949,1,67,19,1,0,8,2,0
3xthgw9jj286tb8ttjg8o,1,4,English,772.1363255977631,1,41,2,1,6,2,0,0
3xthgw9jj286tb8ttjg8o,2,2,Psychology,508.12724709510803,1,49,1,1,0,3,0,0
k56bzopgrwkn0uhjelw8m,1,1,Economics,341.75835132598877,1,25,1,0,3,1,0,0
k56bzopgrwkn0uhjelw8m,2,2,Biology,1084.0653901100159,1,55,7,1,0,11,4,0
2u7m2idxt97w6gdamnpmdj,1,3,Biology,1637.6333315372467,1,66,18,1,1,16,2,0
2u7m2idxt97w6gdamnpmdj,2,4,Economics,157.97775530815125,1,26,2,0,0,1,0,0
bkh0lzr01zuz6cl804gkr,1,3,Biology,358.98210740089417,1,25,1,0,4,1,0,0
bkh0lzr01zuz6cl804gkr,2,4,English,211.28167080879211,1,25,1,0,0,1,0,0
vpq07142h5o2ehymrufwxv,1,4,Psychology,910.9160194396973,1,48,24,0,1,6,0,0
vpq07142h5o2ehymrufwxv,2,3,Economics,308.12257981300354,1,26,2,0,0,3,0,0
zi49om7utgocsmfuex76m,1,3,Biology,1168.2478091716766,0,50,2,2,3,7,5,0
947jseeuxhmx5ejokrpx5,1,2,Economics,680.0821754932404,0,23,3,0,0,6,1,0
6ouo9bkp5vrh7bwlax4ua,1,4,English,1925.9252066612244,1,88,18,2,3,11,6,0
6ouo9bkp5vrh7bwlax4ua,2,1,Economics,551.8022067546844,1,25,1,0,0,2,4,0
thhou9c8z8e3oajn1mq1m,1,4,Economics,683.3079297542572,1,35,11,0,4,4,2,0
thhou9c8z8e3oajn1mq1m,2,3,Psychology,2119.2754225730896,0,98,5,3,1,8,12,0
9w15ir0oq6n3j3uy4k52bt,1,1,Psychology,378.2949957847595,0,2,0,0,0,0,1,0
szjinfxg7dbiyfj0oq5e1,1,4,Economics,166.8084695339203,0,19,1,0,0,1,0,0
jin4j637ciktlfdt4n4fz,1,1,Biology,1345.438036441803,1,45,1,1,5,4,0,0
jin4j637ciktlfdt4n4fz,2,3,English,332.6109707355499,1,24,0,0,5,1,0,0
48r9tgxocwign5f5zz4ba,1,2,Biology,3663.5879397392273,0,41,17,4,46,15,31,0
ofpwxy868db29kidif8za5,1,4,Economics,403.58854937553406,1,26,2,0,1,1,0,0
ofpwxy868db29kidif8za5,2,3,English,439.2207877635956,1,26,2,0,1,2,0,0
42seopq5uad8r3jmgu6oj,1,4,Economics,1042.3438730239868,0,32,11,1,8,5,0,1
6k0zo4nl3c2r8pulx697k,1,2,English,1809.6956329345703,0,55,11,1,11,11,3,0
967ov8yohbexxuxrqg1kq,1,4,Economics,545.6157028675079,1,31,7,0,6,4,0,0
967ov8yohbexxuxrqg1kq,2,1,Biology,427.06884598731995,1,24,2,0,5,1,0,0
nlc6yirp0hvtxfptunqms,1,4,English,294.1860074996948,0,8,0,0,2,0,2,0
sdysrdsfqwr6j47gd04583,1,4,Psychology,479.5526387691498,1,24,0,0,0,3,0,0
sdysrdsfqwr6j47gd04583,2,3,Biology,239.97788953781128,1,24,0,0,0,1,0,0
72yy32lwzbhwny17u7o6y,1,3,Economics,459.8159945011139,1,32,8,0,2,3,0,0
72yy32lwzbhwny17u7o6y,2,1,Psychology,250.26834106445312,1,24,0,0,0,1,0,0
apbzkgikpapayvtzoxacoc,1,1,Biology,1019.5044250488281,1,25,1,0,2,5,1,0
apbzkgikpapayvtzoxacoc,2,4,Psychology,525.8479194641113,1,26,2,0,3,4,0,0
etcunkhlfpuipg6t85zs9,1,1,Economics,0.0,0,0,0,0,0,0,0,0
o4wuzlot9tluoz0hrj0b,1,3,Psychology,15328.44506764412,0,6,0,0,14,0,1,0
69rjgl6ugca3r1bymeqccp,1,1,Economics,295.73466444015503,1,26,2,0,5,1,0,0
69rjgl6ugca3r1bymeqccp,2,2,Biology,275.69909715652466,1,26,2,0,8,1,0,0
arur846gnfje6gigqgk4w,1,2,English,2533.971043109894,0,23,1,0,3,1,3,0
oyu9hfutvsk7uceg62d5,1,1,English,458.41702675819397,0,0,0,0,0,0,1,0
jjtgy1maj8qs166tgkoct,1,1,Biology,582.1207466125488,1,26,3,0,2,3,0,0
jjtgy1maj8qs166tgkoct,2,3,English,414.11509799957275,1,24,0,0,8,1,0,0
z5oksf0t4u8xz0tr0q504a,1,4,Psychology,755.444783449173,1,43,19,0,16,7,0,0
z5oksf0t4u8xz0tr0q504a,2,2,Economics,394.18737173080444,1,28,4,0,1,6,0,0
7nxxvfffm1d54vje84f0oo,1,2,Biology,503.2672321796417,0,18,2,1,28,2,0,0
5fmsejv6udgmixrq0cgxem,1,3,Psychology,919.866681098938,1,40,16,0,10,2,0,0
5fmsejv6udgmixrq0cgxem,2,2,English,899.8959798812866,1,50,2,1,4,2,4,0
mx94pkabwes7ih0poy1s,1,3,English,300.95729398727417,0,26,2,0,6,2,0,1
2dpocc52459ak573x7t0l,1,3,Biology,469.70945382118225,1,31,7,0,5,2,0,0
2dpocc52459ak573x7t0l,2,4,Psychology,312.8933620452881,1,25,1,0,4,2,0,0
9za6yzjyrj5erdv52vw1lf,1,4,Economics,815.6613895893097,1,35,11,0,1,6,0,0
9za6yzjyrj5erdv52vw1lf,2,1,Biology,422.4601776599884,1,29,5,0,0,3,0,0
hav2wgfd3o9is46aflvkc,1,2,English,478.3770821094513,1,28,4,0,2,5,0,0
hav2wgfd3o9is46aflvkc,2,3,Economics,369.5607099533081,1,24,0,0,13,6,0,0
3dmjx508dw1z5htx4tj0kc,1,3,English,1219.041790008545,1,47,3,1,9,11,0,0
3dmjx508dw1z5htx4tj0kc,2,4,Biology,264.55030822753906,1,25,1,0,0,1,0,0
8gbs5riruqmbvnniyrqino,1,3,English,368.789249420166,0,21,0,0,1,1,1,0
waqdyyvcktr403po44xcgq,1,2,Psychology,598.999448299408,0,7,0,0,2,1,2,0
5t5ytbwj35t5bjkwz2d64b,1,2,English,336.74762630462646,0,12,1,0,10,0,0,0
abvxkcp5nkc2u3f771qktl,1,2,Biology,994.746584892273,1,73,1,2,1,6,0,0
abvxkcp5nkc2u3f771qktl,2,1,Psychology,242.00879955291748,1,25,1,0,1,2,0,0
2pul8qz9zxadbceic623v,1,1,English,1428.2303528785706,0,23,0,0,3,1,9,0
4l0o84skuw4w4sjw46k53o,1,4,Biology,364.7241179943085,1,24,0,0,2,1,0,0
4l0o84skuw4w4sjw46k53o,2,1,Psychology,371.80528807640076,1,26,2,0,1,2,0,0
2whbeny1ssmf71q2bk1jws,1,2,Biology,11018.793373823166,0,0,0,0,0,0,2,0
z8k2b0i07hau5dk4amb7,1,1,Biology,810.0269491672516,1,30,7,0,5,5,0,0
z8k2b0i07hau5dk4amb7,2,3,Economics,2486.6905932426453,1,136,16,4,3,22,2,0
j8kybxs05pgn8x0dsm90f,1,3,Biology,0.0,0,0,0,0,0,0,0,0
n5ql4qp794m7uzodegve17,1,4,Economics,688.3724617958069,0,33,11,1,12,1,1,0
prnx0bd94dtgisneyfbh,1,4,Economics,1438.5112037658691,0,38,14,0,4,6,0,0
pqy3s2c7ubk8dv61u7m3h,1,3,English,26.64059805870056,0,0,0,1,0,0,0,1
lzog50d73wm68z55mdsg,1,2,Economics,920.8939180374146,0,40,26,0,1,1,2,0
m70e1s9h0nehpiuiog8tde,1,2,Biology,744.4411630630493,1,25,1,0,3,2,1,0
m70e1s9h0nehpiuiog8tde,2,3,English,256.2693552970886,1,25,1,0,0,2,0,0
bnp3mptr47lyxd6gpdr8fn,1,4,Economics,780.8558623790741,1,59,3,3,3,12,3,0
bnp3mptr47lyxd6gpdr8fn,2,3,Biology,472.7184548377991,1,29,5,0,3,10,0,0
x0lxi4p6gui0255ix38lorr,1,4,Economics,952.2498300075531,1,29,3,1,6,2,2,0
x0lxi4p6gui0255ix38lorr,2,3,Psychology,570.9689838886261,1,40,16,0,4,3,0,0
0pd7l9wzeq7705on1npeuo,1,3,English,1420.7922489643097,1,26,2,0,9,5,0,0
0pd7l9wzeq7705on1npeuo,2,2,Biology,872.8798725605011,1,31,7,0,8,8,0,0
r9de8k45zyyuysn2ygs0l,1,4,Economics,982.3290104866028,1,43,19,0,3,6,0,0
r9de8k45zyyuysn2ygs0l,2,2,Psychology,221.19994282722473,1,25,1,0,0,1,0,0
h0idif8rd4dt2iinw6l8yn,1,4,Economics,713.5113739967346,1,29,5,0,3,4,0,0
h0idif8rd4dt2iinw6l8yn,2,1,English,287.78715562820435,1,25,1,0,2,1,0,0
wdzghf23c6qmtnqqpceqhq,1,4,Psychology,1076.4956266880035,1,72,5,2,9,9,0,0
wdzghf23c6qmtnqqpceqhq,2,3,Economics,306.44725823402405,1,26,2,0,2,3,0,0
4q38x1fp7onxjduyu1hva,2,1,Economics,343.06494975090027,1,24,0,0,10,1,0,0
l28awp47eigpdljxwt7g,1,1,Economics,0.0,0,0,0,0,0,0,0,0
i6axli0bcpcygvxaq3u4,1,2,English,809.4415099620819,1,28,4,0,23,1,0,0
i6axli0bcpcygvxaq3u4,2,3,Economics,404.96934390068054,1,25,1,0,1,1,0,0
pxbjvnaeaud4wit9xs4jjp,2,1,Psychology,252.45480489730835,1,23,0,0,6,2,0,0
pzj4spfs0yu888qr4cg3k,1,3,Psychology,801.6994624137878,1,29,5,0,5,1,1,0
pzj4spfs0yu888qr4cg3k,2,4,Economics,1332.8680226802826,1,82,17,2,5,5,2,0
1l6faz43vmvi2dtqnrsfh,1,3,English,709.7043263912201,0,18,2,1,0,1,0,0
9hmtr0g8fmf36z56oiq69,1,2,Biology,1836.0155639648438,0,38,14,0,26,2,2,0
tcl9nx50uddbdce985r42u,1,4,English,629.4613325595856,1,38,14,0,2,4,0,0
tcl9nx50uddbdce985r42u,2,2,Psychology,200.77529668807983,1,25,1,0,0,2,0,0
ozysacf6ui8z50w3zppmu,1,1,Biology,868.0373020172119,1,25,1,0,1,1,0,0
ozysacf6ui8z50w3zppmu,2,3,English,581.1953837871552,1,24,0,0,7,1,0,0
sgb283tskbhegr97paermc,1,2,Economics,1300.4813132286072,1,49,1,1,18,2,0,0
sgb283tskbhegr97paermc,2,3,Biology,327.2500443458557,1,24,0,0,0,1,0,0
xedtctnrmaiyjrj697pgl,1,3,Psychology,1120.5028591156006,1,47,0,1,3,5,0,0
xedtctnrmaiyjrj697pgl,2,1,Economics,420.1491787433624,1,24,1,0,4,2,0,0
tp5j4vzk68digwf07n6j,1,4,English,876.4223017692566,1,28,4,0,4,1,1,0
tp5j4vzk68digwf07n6j,2,1,Biology,293.8378767967224,1,25,1,0,2,1,0,0
ijjq590r4r9rsd3l085b7,1,3,English,456.4666624069214,1,24,0,0,6,1,0,0
ijjq590r4r9rsd3l085b7,2,2,Psychology,364.22740292549133,1,24,0,0,9,1,0,0
t8h83dn0olsb02tt94b3u,1,1,Psychology,510.7185504436493,1,24,0,0,11,1,0,0
t8h83dn0olsb02tt94b3u,2,4,Biology,570.1441807746887,1,29,5,0,3,1,2,0
ygh6ssw7tpoo64ckf3b8q,1,2,English,823.8199944496155,0,34,10,0,0,1,0,0
qsdjyvwlgml5mg0cmb2mfw,1,2,Economics,197.35977482795715,1,24,0,0,0,1,0,0
qsdjyvwlgml5mg0cmb2mfw,2,1,English,185.96101760864258,1,25,1,0,0,2,0,0
wp4jmalc4qlk0ti5dw9rnm,1,3,Biology,0.0,0,0,0,0,0,0,0,0
2gpgwbwwxhdvmf4m3tvn5a,1,4,Biology,1534.3205230236053,0,42,18,0,6,10,0,0
xxshaj60qnjpmyngr8785,1,1,English,608.7544751167297,1,24,1,0,0,1,0,0
xxshaj60qnjpmyngr8785,2,2,Psychology,723.8898270130157,1,25,1,0,0,4,1,0
3vzkix82xr4tmn0ivtiq,1,4,Economics,798.5340750217438,1,37,13,0,20,4,0,0
3vzkix82xr4tmn0ivtiq,2,3,Biology,295.5196764469147,1,24,0,0,0,2,0,0
glhcz57da6d3z877gkodpf,1,3,Biology,372.262980222702,1,28,4,0,0,1,0,0
glhcz57da6d3z877gkodpf,2,4,Psychology,240.67455744743347,1,24,0,0,0,1,0,0
jaikgw9xakrl4y01cnks9h,1,4,Economics,1697.327707529068,0,26,2,0,0,1,3,0
xx5ecrjhrv6ibp8vcffvk,1,3,Psychology,1812.9414703845978,1,32,8,0,32,3,3,0
xx5ecrjhrv6ibp8vcffvk,2,1,English,1143.263212442398,1,34,10,0,19,3,0,0
86ndi7tkq4o7kpp91qqlh,1,1,English,751.6726648807526,1,26,2,0,4,2,0,0
86ndi7tkq4o7kpp91qqlh,2,2,Psychology,248.52832102775574,1,25,1,0,1,1,0,0
nkazuumob2hk01dghurjk,1,1,Biology,39.17693543434143,0,0,0,0,0,1,0,0
uyxtqcza623zcvuggm5iy,1,2,Economics,7973.422569990158,0,101,8,4,2,11,9,0
cuxoirwq0gcxuyl6af5i,1,4,Biology,0.0,0,0,0,0,0,0,0,0
lzxltvjxyih8x1x2y4vg4u,1,3,English,746.4384770393372,0,56,8,2,7,4,0,0
dny405g8zxdiu4jl85de2l,1,4,English,721.8078849315643,1,50,3,1,5,5,0,0
dny405g8zxdiu4jl85de2l,2,1,Economics,130.34277892112732,1,23,0,0,2,1,0,0
keyxebd9uu9nwu8gn425v,1,2,Economics,28777.592863082886,0,0,0,0,0,0,1,0
ot879xbgwcoii7rfzdyjlr,1,4,Economics,1008.2955877780914,1,49,1,1,11,2,2,0
ot879xbgwcoii7rfzdyjlr,2,2,Psychology,330.09788179397583,1,25,1,0,3,1,0,0
w02pwsz7dkjgjk22qdbc9,1,2,English,0.0,0,0,0,0,0,0,0,0
u5d7tnwkrnq4ofx9g0azh5,1,3,Economics,411.67475152015686,1,25,1,0,1,3,0,0
u5d7tnwkrnq4ofx9g0azh5,2,1,English,264.65968084335327,1,24,0,0,1,1,0,0
udhallafeid1dbju9mlkrs,1,3,Economics,392.9135172367096,1,35,11,0,1,4,0,0
udhallafeid1dbju9mlkrs,2,4,Biology,304.3149616718292,1,26,2,0,0,4,0,0
qcwddqvz0hfgg45hj7diz,1,4,Biology,893.1900458335876,1,47,23,0,1,16,0,0
qcwddqvz0hfgg45hj7diz,2,1,English,157.87105345726013,1,24,0,0,0,1,0,0
q5yu0qosc69pitmq2l2z1,1,3,Psychology,374.872998714447,1,24,0,0,0,1,3,0
q5yu0qosc69pitmq2l2z1,2,4,English,177.96914839744568,1,24,0,0,1,1,0,0
ydu31lfxxkzymfo1v0jl,1,3,Psychology,266.68131256103516,1,24,0,0,1,1,0,0
ydu31lfxxkzymfo1v0jl,2,1,English,276.83022570610046,1,24,0,0,1,1,0,0
1onik48giibzaz5vu0787,1,2,Biology,2039.4079740047455,1,81,10,2,22,11,3,0
1onik48giibzaz5vu0787,2,4,Psychology,785.5584921836853,0,49,7,2,14,4,0,0
y0b254rn6gz7hua9t21ua,1,3,Economics,244.36787605285645,1,24,0,0,1,1,0,0
y0b254rn6gz7hua9t21ua,2,2,English,232.73328614234924,1,24,0,0,0,1,0,0
y1p0qvf6otqx1dp3waqwen,1,3,Economics,526.4686906337738,1,58,11,1,3,7,0,0
y1p0qvf6otqx1dp3waqwen,2,4,Psychology,172.0950322151184,1,25,1,0,0,1,0,0
0fexw886fsj712pu2urkj6,1,2,Biology,611.6929194927216,1,28,4,0,1,1,0,0
0fexw886fsj712pu2urkj6,2,1,Economics,328.3810021877289,1,23,0,0,1,1,0,0
iwrkp7isd6a3n6v7vxw51m,1,1,Psychology,513.8427910804749,1,24,0,0,7,2,0,0
iwrkp7isd6a3n6v7vxw51m,2,4,Economics,377.5852642059326,1,24,0,0,8,1,0,0
qtqose906docpyzqcs7w3f,1,3,Psychology,118.70489549636841,0,25,1,0,0,2,0,0
6xae978bj4fl8d77tckua,1,3,Biology,33.37116718292236,0,0,0,1,0,0,0,1
7qok8cpthnsiy4way7uvrn,1,2,English,487.5836338996887,0,25,1,0,7,2,1,0
0lxxx1fxfcwbkiqjwe4n4k,1,4,Psychology,342.404714345932,0,2,0,0,0,0,2,0
89gig83h3kh6g0kfj2g0m,1,2,Economics,526.34943151474,1,24,0,0,0,1,0,0
89gig83h3kh6g0kfj2g0m,2,1,Psychology,390.33771276474,1,26,2,0,0,1,0,0
plg1a1kl3ygx64fi387ou,1,4,Psychology,1158.124328136444,1,55,12,1,6,10,0,0
plg1a1kl3ygx64fi387ou,2,1,Economics,242.88620972633362,1,25,2,0,3,1,0,0
gau6sy9378bu8i945jznt8,1,2,English,1270.8161571025848,1,66,4,2,8,6,0,0
gau6sy9378bu8i945jznt8,2,4,Biology,249.30130410194397,1,24,0,0,1,1,0,0
koxqsqpmoqlqd0m935e5e8,1,4,Biology,494.7694733142853,1,27,3,0,6,1,0,0
koxqsqpmoqlqd0m935e5e8,2,2,Psychology,844.2869050502777,1,29,5,0,17,1,2,0
zwgrlgppdb2p3nf48cdjf,1,2,Economics,510.24031829833984,1,24,0,0,6,3,0,0
zwgrlgppdb2p3nf48cdjf,2,4,Psychology,1616.0515644550323,0,58,10,1,0,13,3,0
dohps0vddpcgyo3ejk7vpv,1,1,English,756.821617603302,1,49,1,1,0,4,0,0
dohps0vddpcgyo3ejk7vpv,2,4,Economics,3325.591716527939,0,49,27,0,9,8,3,0
x8wyhhkfa9sj6pwllzqya,1,2,Economics,246.89462208747864,1,24,0,0,0,1,0,0
x8wyhhkfa9sj6pwllzqya,2,4,Psychology,405.82662534713745,1,26,2,0,0,3,0,0
05jk01fwsfs5o8hi9fxd5,1,2,Economics,13114.042072296143,1,50,2,1,4,9,10,0
05jk01fwsfs5o8hi9fxd5,2,3,English,461.96067667007446,1,25,1,0,0,1,1,0
drnfsoquns7za70mfx9tm,1,3,Economics,298.10144233703613,1,24,0,0,3,1,0,0
drnfsoquns7za70mfx9tm,2,1,English,231.34668231010437,1,23,0,0,0,1,0,0
r6c6l1hyquey3vv195z5qb,1,4,Psychology,560.2192692756653,1,25,1,0,0,1,0,0
r6c6l1hyquey3vv195z5qb,2,1,Biology,319.2836971282959,1,23,0,0,16,2,0,0
4fordtliyo4l1z0ukq2f0o,1,1,Biology,593.3823003768921,0,31,7,0,0,2,1,1
r51alyldt46c19ulg7bgd,1,3,Economics,1187.8082234859467,1,84,12,2,10,14,0,0
r51alyldt46c19ulg7bgd,2,2,Psychology,849.0736389160156,1,84,7,3,2,3,0,0
5ul3nmusnak5wi0hvgtyw2,1,3,Psychology,324.5444679260254,1,27,3,0,0,2,0,0
5ul3nmusnak5wi0hvgtyw2,2,1,English,119.41985511779785,1,24,0,0,0,1,0,0
59alzwq3vzui3to94hftk,1,1,Economics,100.92583060264587,1,23,0,0,0,1,0,0
59alzwq3vzui3to94hftk,2,2,Psychology,5140.163120269775,1,29,5,0,0,8,1,0
1vhi4fcm33wn29sd16b5eg,1,4,Psychology,1641.0477695465088,1,33,9,0,0,13,6,0
1vhi4fcm33wn29sd16b5eg,2,1,English,425.85472774505615,1,32,8,0,0,2,0,0
t4d7iasvyoxhd6md0a3jk,1,2,Biology,707.6508219242096,1,52,28,0,11,2,0,0
t4d7iasvyoxhd6md0a3jk,2,3,Psychology,281.9457242488861,1,25,1,0,0,1,0,0
s6vahgrcthftvtj2fy0yv,1,4,English,605.6035993099213,1,28,4,0,0,3,2,0
s6vahgrcthftvtj2fy0yv,2,1,Economics,1452.2918317317963,1,23,0,0,0,2,3,0
vr47vylvu9qkknmx9z04r,1,4,Biology,1083.7813251018524,1,26,2,0,16,1,0,0
vr47vylvu9qkknmx9z04r,2,2,English,631.6025578975677,1,24,0,0,6,1,0,0
7jprlt4g2hp6520wvh63vg,1,1,English,1142.9337871074677,1,27,4,0,2,1,0,0
7jprlt4g2hp6520wvh63vg,2,4,Biology,738.9993290901184,1,24,0,0,2,1,0,0
d6kyq8x1voso8oicjbfhx,1,3,Biology,165.51087641716003,1,24,0,0,0,1,0,0
d6kyq8x1voso8oicjbfhx,2,1,Psychology,128.62189888954163,1,24,0,0,0,1,0,0
7dqt7koyy8vnlhf0ljbtc,1,1,Biology,962.0846948623657,1,44,2,1,23,7,0,0
7dqt7koyy8vnlhf0ljbtc,2,3,Psychology,1316.4485259056091,1,50,2,1,13,2,0,0
u5nwop49cqbg0q5for1zy9,1,3,English,149.16556668281555,1,24,0,0,0,1,0,0
u5nwop49cqbg0q5for1zy9,2,2,Biology,186.73774695396423,1,27,3,0,0,2,0,0
rrjrbobok79j2w9s1aejs,1,1,Psychology,659.5147759914398,1,23,0,0,14,1,0,0
rrjrbobok79j2w9s1aejs,2,4,Biology,610.65083527565,0,26,7,0,2,2,0,0
lqtqu2kmugq1tjqzlkgwi3i,1,3,Biology,50175.18832850456,1,38,14,1,13,1,1,0
lqtqu2kmugq1tjqzlkgwi3i,2,2,English,231.51254034042358,1,25,1,0,1,1,0,0
cz88do9dy1icnl7royylmf,1,3,English,210.71690225601196,1,26,2,0,0,3,0,0
cz88do9dy1icnl7royylmf,2,1,Psychology,385.73699617385864,1,27,4,0,1,4,0,0
paz4eithro1891aghjmvb,1,4,Psychology,1128.3415112495422,0,68,20,1,3,17,3,0
y4kt1f2okz3cceo4h53g,1,3,Economics,115.2933931350708,1,25,1,0,0,1,0,0
y4kt1f2okz3cceo4h53g,2,2,Psychology,189.7087366580963,1,25,1,0,0,1,0,0
4y5den48ziaano104442l,1,2,Psychology,3390.6075937747955,0,1,0,0,0,0,7,0
t5p6i9y3q38oad0kovimx,1,3,Biology,7.014007091522217,0,0,0,1,0,0,1,0
6jpeur4eg4xyakx7ldwpa9,1,4,Economics,562.0880365371704,1,30,6,0,4,3,1,0
6jpeur4eg4xyakx7ldwpa9,2,1,English,235.34910917282104,1,21,0,0,0,2,0,0
9q51t02zbjktmgq2pfgxy,1,2,Biology,295.27625155448914,1,25,1,0,0,1,0,0
9q51t02zbjktmgq2pfgxy,2,3,Economics,204.39169216156006,1,24,0,0,0,1,0,0
debobdzehu57v56pn7fx3d,1,1,English,258.65922808647156,1,24,0,0,0,1,0,0
debobdzehu57v56pn7fx3d,2,2,Biology,284.2306046485901,1,25,1,0,0,2,0,0
zxirfjnjp72hy0tst1j5h,1,2,Biology,310.41472125053406,1,24,0,0,0,1,1,0
zxirfjnjp72hy0tst1j5h,2,4,Economics,1183.4828627109528,1,74,4,2,0,3,1,0
285twfpa221krrd2mmpi8e,1,2,English,883.1279284954071,1,49,5,1,2,7,0,0
285twfpa221krrd2mmpi8e,2,4,Psychology,688.9946460723877,1,59,11,1,10,9,0,0
06z0ajsqpc8o8jxv411ojk,1,2,Biology,569.7573699951172,1,33,9,0,5,3,0,0
06z0ajsqpc8o8jxv411ojk,2,4,Psychology,233.24989533424377,1,25,1,0,3,3,0,0
cs6zaz1ozo0nkvhq1yiuyo,1,3,Biology,0.0,0,0,0,0,0,0,0,0
9nwa5wzqujus1b2511gl89,1,1,Economics,23.838299036026,0,0,0,1,0,0,0,0
kbl1jfv1xlqjzre5ntd7p9,1,3,Economics,702.7811493873596,0,15,1,1,0,9,0,0
7z617ujccv80zxcs6buo,1,2,English,1751.458966255188,1,93,4,3,9,11,1,0
7z617ujccv80zxcs6buo,2,1,Biology,291.3204519748688,1,24,0,0,5,1,0,0
yh1fdaq2zlmcsipqenso3j,1,4,English,258.39677453041077,1,25,1,0,0,2,0,0
yh1fdaq2zlmcsipqenso3j,2,1,Economics,143.80588841438293,1,23,0,0,1,1,0,0
x2ngwbqdpmv2ywstt6bhe,1,1,English,150.27098298072815,1,24,1,0,1,1,0,0
x2ngwbqdpmv2ywstt6bhe,2,3,Economics,154.14272212982178,1,24,0,0,0,1,0,0
8hvmu3x3uq7smrk12x89ap,1,4,Biology,187.81428289413452,1,24,0,0,0,1,0,0
8hvmu3x3uq7smrk12x89ap,2,1,Economics,125.18092393875122,1,23,0,0,0,1,0,0
6fpgp0randmvqtxm8k11f8,1,3,Psychology,132.37300992012024,1,24,0,0,0,1,0,0
6fpgp0randmvqtxm8k11f8,2,1,Economics,101.88047695159912,1,23,0,0,0,1,0,0
de1vf4oyab1evbvu99hgl,1,4,Psychology,194.62989258766174,0,3,0,0,0,0,3,0
